sku,date,total_sold_qty
Product 1,4/9/2026,1
Product 2,4/9/2026,1
Product 3,4/9/2026,2
Product 4,4/9/2026,1
Product 5,4/9/2026,1
Product 6,4/9/2026,1
Product 7,4/9/2026,1
Product 8,4/9/2026,1
Product 9,4/9/2026,1
Product 10,4/9/2026,1
Product 11,4/9/2026,1
Product 12,4/9/2026,1
Product 13,4/9/2026,2
Product 14,4/9/2026,1
Product 15,4/9/2026,1
Product 16,4/9/2026,1
Product 17,4/9/2026,1
Product 18,4/9/2026,1
Product 19,4/9/2026,1
Product 20,4/9/2026,1
Product 21,4/9/2026,2
Product 22,4/9/2026,2
Product 23,4/9/2026,1
Product 24,4/9/2026,2
Product 25,4/9/2026,1
Product 26,4/9/2026,1
Product 27,4/9/2026,1
Product 28,4/9/2026,1
Product 29,4/9/2026,1
Product 30,4/9/2026,1
Product 24,4/9/2026,1
Product 24,4/9/2026,2
Product 31,4/9/2026,1
Product 32,4/9/2026,1
Product 33,4/9/2026,1
Product 34,4/9/2026,1
Product 35,4/9/2026,1
Product 36,4/9/2026,1
Product 37,4/9/2026,1
Product 38,4/9/2026,1
Product 39,4/9/2026,1
Product 40,4/9/2026,2
Product 41,4/9/2026,1
Product 42,4/9/2026,1
Product 43,4/9/2026,3
Product 44,4/9/2026,1
Product 45,4/9/2026,3
Product 46,4/9/2026,2
Product 47,4/9/2026,1
Product 48,4/9/2026,1
Product 49,4/9/2026,1
Product 50,4/9/2026,1
Product 51,4/9/2026,1
Product 52,4/9/2026,1
Product 53,4/9/2026,2
Product 54,4/9/2026,1
Product 55,4/9/2026,1
Product 56,4/9/2026,1
Product 57,4/9/2026,1
Product 58,4/9/2026,1
Product 59,4/9/2026,1
Product 60,4/9/2026,1
Product 61,4/9/2026,1
Product 62,4/9/2026,1
Product 63,4/9/2026,1
Product 64,4/9/2026,2
Product 65,4/9/2026,1
Product 66,4/9/2026,1
Product 67,4/9/2026,1
Product 68,4/9/2026,1
Product 69,4/9/2026,1
Product 70,4/9/2026,1
Product 71,4/9/2026,1
Product 72,4/9/2026,1
Product 73,4/9/2026,1
Product 74,4/9/2026,1
Product 75,4/9/2026,1
Product 76,4/9/2026,1
Product 77,4/9/2026,2
Product 78,4/9/2026,1
Product 79,4/9/2026,1
Product 80,4/9/2026,2
Product 81,4/9/2026,2
Product 9,4/9/2026,2
Product 82,4/9/2026,6
Product 83,4/9/2026,1
Product 84,4/9/2026,1
Product 85,4/9/2026,8
Product 86,4/9/2026,3
Product 87,4/9/2026,1
Product 88,4/9/2026,1
Product 89,4/9/2026,1
Product 90,4/9/2026,1
Product 91,4/9/2026,1
Product 92,4/9/2026,1
Product 93,4/9/2026,2
Product 94,4/9/2026,1
Product 95,4/9/2026,1
Product 96,4/9/2026,1
Product 97,4/9/2026,1
Product 98,4/9/2026,1
Product 99,4/9/2026,1
Product 100,4/9/2026,1
Product 101,4/9/2026,1
Product 102,4/9/2026,1
Product 103,4/9/2026,1
Product 104,4/9/2026,1
Product 105,4/9/2026,1
Product 106,4/9/2026,1
Product 107,4/9/2026,1
Product 108,4/9/2026,1
Product 35,4/9/2026,1
Product 109,4/9/2026,2
Product 110,4/9/2026,1
Product 111,4/9/2026,1
Product 112,4/9/2026,1
Product 113,4/9/2026,1
Product 114,4/9/2026,1
Product 115,4/9/2026,1
Product 116,4/9/2026,1
Product 117,4/9/2026,1
Product 118,4/9/2026,1
Product 119,4/9/2026,1
Product 120,4/9/2026,1
Product 55,4/9/2026,1
Product 121,4/9/2026,1
Product 122,4/9/2026,3
Product 123,4/9/2026,1
Product 124,4/9/2026,2
Product 125,4/9/2026,1
Product 126,4/9/2026,2
Product 34,4/9/2026,1
Product 127,4/9/2026,2
Product 128,4/9/2026,3
Product 129,4/9/2026,1
Product 86,4/9/2026,1
Product 130,4/9/2026,4
Product 126,4/9/2026,1
Product 131,4/9/2026,1
Product 132,4/9/2026,2
Product 133,4/9/2026,1
Product 134,4/9/2026,1
Product 135,4/9/2026,1
Product 136,4/9/2026,1
Product 137,4/9/2026,1
Product 138,4/9/2026,1
Product 35,4/9/2026,1
Product 139,4/9/2026,1
Product 140,4/9/2026,1
Product 141,4/9/2026,2
Product 142,4/9/2026,1
Product 143,4/9/2026,1
Product 144,4/9/2026,2
Product 145,4/9/2026,1
Product 146,4/9/2026,1
Product 147,4/9/2026,1
Product 148,4/9/2026,1
Product 149,4/9/2026,1
Product 150,4/9/2026,1
Product 151,4/9/2026,1
Product 152,4/9/2026,1
Product 153,4/9/2026,2
Product 154,4/9/2026,1
Product 155,4/9/2026,1
Product 156,4/9/2026,1
Product 157,4/9/2026,2
Product 158,4/9/2026,1
Product 159,4/9/2026,1
Product 160,4/9/2026,1
Product 161,4/9/2026,1
Product 162,4/9/2026,1
Product 163,4/9/2026,1
Product 164,4/9/2026,1
Product 165,4/9/2026,1
Product 166,4/9/2026,1
Product 93,4/9/2026,1
Product 167,4/9/2026,4
Product 168,4/9/2026,1
Product 169,4/9/2026,7
Product 170,4/9/2026,5
Product 171,4/9/2026,1
Product 172,4/9/2026,1
Product 173,4/9/2026,1
Product 174,4/9/2026,1
Product 175,4/9/2026,1
Product 176,4/9/2026,1
Product 177,4/9/2026,1
Product 93,4/9/2026,1
Product 29,4/9/2026,2
Product 178,4/9/2026,2
Product 179,4/9/2026,1
Product 180,4/9/2026,1
Product 181,4/9/2026,1
Product 182,4/9/2026,1
Product 183,4/9/2026,1
Product 184,4/9/2026,1
Product 185,4/9/2026,2
Product 186,4/9/2026,1
Product 187,4/9/2026,1
Product 188,4/9/2026,1
Product 189,4/9/2026,2
Product 190,4/9/2026,1
Product 191,4/9/2026,1
Product 192,4/9/2026,1
Product 193,4/9/2026,1
Product 194,4/9/2026,1
Product 195,4/9/2026,1
Product 196,4/9/2026,1
Product 197,4/9/2026,2
Product 198,4/9/2026,1
Product 199,4/9/2026,1
Product 200,4/9/2026,1
Product 201,4/9/2026,1
Product 202,4/9/2026,1
Product 203,4/9/2026,1
Product 86,4/9/2026,1
Product 204,4/9/2026,1
Product 205,4/9/2026,1
Product 206,4/9/2026,1
Product 207,4/9/2026,1
Product 208,4/9/2026,1
Product 209,4/9/2026,1
Product 210,4/9/2026,2
Product 211,4/9/2026,2
Product 212,4/9/2026,1
Product 213,4/9/2026,2
Product 214,4/9/2026,1
Product 215,4/9/2026,1
Product 216,4/9/2026,1
Product 217,4/9/2026,1
Product 218,4/9/2026,1
Product 177,4/9/2026,1
Product 219,4/9/2026,1
Product 220,4/9/2026,1
Product 221,4/9/2026,1
Product 222,4/9/2026,1
Product 223,4/9/2026,4
Product 224,4/9/2026,2
Product 157,4/9/2026,3
Product 225,4/9/2026,1
Product 226,4/9/2026,1
Product 227,4/9/2026,1
Product 228,4/9/2026,1
Product 229,4/9/2026,1
Product 230,4/9/2026,1
Product 231,4/9/2026,1
Product 232,4/9/2026,1
Product 233,4/9/2026,1
Product 234,4/9/2026,1
Product 235,4/9/2026,1
Product 236,4/9/2026,1
Product 237,4/9/2026,1
Product 238,4/9/2026,2
Product 239,4/9/2026,1
Product 240,4/9/2026,1
Product 241,4/9/2026,1
Product 242,4/9/2026,1
Product 157,4/9/2026,1
Product 243,4/9/2026,1
Product 244,4/9/2026,1
Product 245,4/9/2026,5
Product 246,4/9/2026,1
Product 247,4/9/2026,1
Product 248,4/9/2026,1
Product 249,4/9/2026,1
Product 250,4/9/2026,1
Product 251,4/9/2026,1
Product 252,4/9/2026,1
Product 159,4/9/2026,1
Product 253,4/9/2026,2
Product 70,4/9/2026,1
Product 254,4/9/2026,1
Product 255,4/9/2026,1
Product 256,4/9/2026,1
Product 257,4/9/2026,1
Product 258,4/9/2026,1
Product 259,4/9/2026,2
Product 260,4/9/2026,1
Product 261,4/9/2026,1
Product 262,4/9/2026,1
Product 263,4/9/2026,1
Product 264,4/9/2026,1
Product 265,4/9/2026,1
Product 266,4/9/2026,1
Product 267,4/9/2026,1
Product 268,4/9/2026,1
Product 269,4/9/2026,1
Product 270,4/9/2026,2
Product 271,4/9/2026,1
Product 272,4/9/2026,1
Product 273,4/9/2026,1
Product 274,4/9/2026,1
Product 275,4/9/2026,1
Product 276,4/9/2026,1
Product 277,4/9/2026,1
Product 278,4/9/2026,1
Product 279,4/9/2026,1
Product 280,4/9/2026,1
Product 281,4/9/2026,1
Product 282,4/9/2026,1
Product 283,4/9/2026,1
Product 284,4/9/2026,1
Product 285,4/9/2026,1
Product 286,4/8/2026,1
Product 287,4/8/2026,1
Product 288,4/8/2026,1
Product 70,4/8/2026,1
Product 289,4/8/2026,1
Product 290,4/8/2026,2
Product 1,4/8/2026,1
Product 19,4/8/2026,1
Product 291,4/8/2026,1
Product 132,4/8/2026,1
Product 292,4/8/2026,6
Product 13,4/8/2026,1
Product 293,4/8/2026,1
Product 19,4/8/2026,2
Product 294,4/8/2026,1
Product 26,4/8/2026,1
Product 295,4/8/2026,1
Product 296,4/8/2026,1
Product 13,4/8/2026,1
Product 24,4/8/2026,2
Product 297,4/8/2026,2
Product 298,4/8/2026,1
Product 299,4/8/2026,1
Product 300,4/8/2026,0
Product 301,4/8/2026,1
Product 302,4/8/2026,1
Product 303,4/8/2026,1
Product 304,4/8/2026,1
Product 305,4/8/2026,1
Product 306,4/8/2026,1
Product 307,4/8/2026,1
Product 308,4/8/2026,1
Product 309,4/8/2026,1
Product 86,4/8/2026,1
Product 310,4/8/2026,1
Product 261,4/8/2026,1
Product 311,4/8/2026,1
Product 312,4/8/2026,1
Product 313,4/8/2026,1
Product 314,4/8/2026,2
Product 315,4/8/2026,1
Product 316,4/8/2026,2
Product 67,4/8/2026,2
Product 317,4/8/2026,1
Product 318,4/8/2026,1
Product 319,4/8/2026,1
Product 320,4/8/2026,1
Product 321,4/8/2026,1
Product 322,4/8/2026,1
Product 323,4/8/2026,1
Product 324,4/8/2026,1
Product 325,4/8/2026,1
Product 326,4/8/2026,2
Product 327,4/8/2026,1
Product 328,4/8/2026,1
Product 329,4/8/2026,1
Product 330,4/8/2026,1
Product 331,4/8/2026,1
Product 161,4/8/2026,1
Product 86,4/8/2026,2
Product 332,4/8/2026,1
Product 333,4/8/2026,1
Product 334,4/8/2026,1
Product 93,4/8/2026,2
Product 335,4/8/2026,3
Product 336,4/8/2026,1
Product 13,4/8/2026,1
Product 337,4/8/2026,1
Product 338,4/8/2026,2
Product 339,4/8/2026,1
Product 340,4/8/2026,1
Product 341,4/8/2026,1
Product 29,4/8/2026,1
Product 342,4/8/2026,1
Product 49,4/8/2026,1
Product 343,4/8/2026,1
Product 92,4/8/2026,3
Product 344,4/8/2026,1
Product 345,4/8/2026,1
Product 346,4/8/2026,1
Product 347,4/8/2026,1
Product 348,4/8/2026,1
Product 349,4/8/2026,1
Product 350,4/8/2026,1
Product 351,4/8/2026,1
Product 352,4/8/2026,1
Product 353,4/8/2026,1
Product 354,4/8/2026,1
Product 93,4/8/2026,1
Product 355,4/8/2026,1
Product 356,4/8/2026,1
Product 357,4/8/2026,1
Product 358,4/8/2026,1
Product 359,4/8/2026,1
Product 360,4/8/2026,1
Product 361,4/8/2026,1
Product 362,4/8/2026,1
Product 363,4/8/2026,1
Product 364,4/8/2026,1
Product 365,4/8/2026,1
Product 366,4/8/2026,1
Product 367,4/8/2026,2
Product 368,4/8/2026,1
Product 369,4/8/2026,1
Product 370,4/8/2026,1
Product 371,4/8/2026,1
Product 372,4/8/2026,1
Product 373,4/8/2026,1
Product 79,4/8/2026,1
Product 374,4/8/2026,1
Product 375,4/8/2026,1
Product 376,4/8/2026,1
Product 377,4/8/2026,1
Product 378,4/8/2026,1
Product 35,4/8/2026,2
Product 209,4/8/2026,1
Product 379,4/8/2026,2
Product 380,4/8/2026,1
Product 381,4/8/2026,1
Product 382,4/8/2026,1
Product 383,4/8/2026,1
Product 384,4/8/2026,1
Product 385,4/8/2026,1
Product 386,4/8/2026,1
Product 387,4/8/2026,1
Product 388,4/8/2026,1
Product 389,4/8/2026,1
Product 390,4/8/2026,1
Product 391,4/8/2026,1
Product 392,4/8/2026,1
Product 393,4/8/2026,1
Product 394,4/8/2026,1
Product 146,4/8/2026,1
Product 395,4/8/2026,1
Product 396,4/8/2026,1
Product 397,4/8/2026,1
Product 351,4/8/2026,1
Product 398,4/8/2026,1
Product 356,4/8/2026,1
Product 399,4/8/2026,2
Product 400,4/8/2026,2
Product 401,4/8/2026,1
Product 402,4/8/2026,1
Product 403,4/8/2026,1
Product 404,4/8/2026,1
Product 405,4/8/2026,2
Product 406,4/8/2026,1
Product 407,4/8/2026,1
Product 408,4/8/2026,1
Product 409,4/8/2026,1
Product 410,4/8/2026,1
Product 411,4/8/2026,1
Product 412,4/8/2026,1
Product 413,4/8/2026,1
Product 414,4/8/2026,1
Product 415,4/8/2026,1
Product 416,4/8/2026,1
Product 417,4/8/2026,1
Product 418,4/8/2026,1
Product 419,4/8/2026,1
Product 420,4/8/2026,1
Product 421,4/8/2026,1
Product 422,4/8/2026,2
Product 35,4/8/2026,1
Product 423,4/8/2026,1
Product 424,4/8/2026,1
Product 425,4/8/2026,1
Product 426,4/8/2026,1
Product 158,4/8/2026,1
Product 182,4/8/2026,1
Product 427,4/8/2026,1
Product 428,4/8/2026,2
Product 429,4/8/2026,2
Product 430,4/8/2026,1
Product 431,4/8/2026,1
Product 432,4/8/2026,1
Product 433,4/8/2026,1
Product 434,4/8/2026,1
Product 435,4/8/2026,1
Product 436,4/8/2026,1
Product 437,4/8/2026,1
Product 438,4/8/2026,1
Product 439,4/8/2026,1
Product 440,4/8/2026,1
Product 441,4/8/2026,1
Product 442,4/8/2026,1
Product 443,4/8/2026,1
Product 444,4/8/2026,1
Product 445,4/8/2026,1
Product 93,4/8/2026,1
Product 446,4/8/2026,1
Product 447,4/8/2026,2
Product 448,4/8/2026,1
Product 35,4/8/2026,2
Product 449,4/8/2026,1
Product 450,4/8/2026,3
Product 451,4/8/2026,4
Product 452,4/8/2026,3
Product 453,4/8/2026,3
Product 454,4/8/2026,5
Product 455,4/8/2026,5
Product 456,4/8/2026,1
Product 457,4/8/2026,1
Product 458,4/8/2026,1
Product 459,4/8/2026,1
Product 460,4/8/2026,1
Product 461,4/8/2026,2
Product 462,4/8/2026,2
Product 379,4/8/2026,1
Product 463,4/8/2026,2
Product 464,4/8/2026,1
Product 112,4/8/2026,1
Product 465,4/8/2026,1
Product 466,4/8/2026,1
Product 467,4/8/2026,1
Product 468,4/8/2026,1
Product 469,4/8/2026,1
Product 470,4/8/2026,1
Product 471,4/8/2026,1
Product 472,4/8/2026,1
Product 473,4/8/2026,1
Product 474,4/8/2026,1
Product 475,4/8/2026,1
Product 474,4/8/2026,1
Product 476,4/8/2026,1
Product 477,4/8/2026,1
Product 278,4/8/2026,1
Product 478,4/8/2026,1
Product 230,4/8/2026,1
Product 479,4/8/2026,1
Product 36,4/8/2026,1
Product 480,4/8/2026,1
Product 481,4/8/2026,1
Product 482,4/8/2026,1
Product 483,4/8/2026,1
Product 15,4/8/2026,1
Product 484,4/8/2026,2
Product 13,4/8/2026,1
Product 485,4/8/2026,6
Product 157,4/8/2026,1
Product 486,4/8/2026,1
Product 487,4/8/2026,1
Product 488,4/8/2026,1
Product 489,4/8/2026,2
Product 490,4/8/2026,1
Product 491,4/8/2026,1
Product 492,4/8/2026,1
Product 493,4/8/2026,1
Product 494,4/8/2026,1
Product 495,4/8/2026,1
Product 496,4/8/2026,1
Product 496,4/8/2026,2
Product 497,4/8/2026,1
Product 498,4/8/2026,2
Product 499,4/8/2026,1
Product 500,4/8/2026,1
Product 501,4/8/2026,1
Product 249,4/8/2026,1
Product 502,4/8/2026,1
Product 503,4/8/2026,1
Product 504,4/8/2026,1
Product 252,4/8/2026,1
Product 505,4/8/2026,1
Product 506,4/8/2026,1
Product 507,4/8/2026,1
Product 508,4/8/2026,1
Product 509,4/8/2026,1
Product 510,4/8/2026,1
Product 511,4/8/2026,3
Product 512,4/8/2026,1
Product 70,4/8/2026,1
Product 513,4/8/2026,1
Product 514,4/8/2026,1
Product 515,4/8/2026,1
Product 516,4/8/2026,1
Product 517,4/8/2026,2
Product 518,4/8/2026,1
Product 463,4/8/2026,2
Product 519,4/8/2026,1
Product 520,4/8/2026,1
Product 521,4/8/2026,4
Product 522,4/8/2026,1
Product 523,4/8/2026,1
Product 524,4/8/2026,1
Product 525,4/8/2026,1
Product 526,4/8/2026,1
Product 527,4/8/2026,1
Product 72,4/8/2026,1
Product 528,4/8/2026,1
Product 529,4/8/2026,1
Product 530,4/8/2026,1
Product 531,4/8/2026,1
Product 532,4/8/2026,1
Product 533,4/8/2026,1
Product 534,4/8/2026,1
Product 265,4/8/2026,1
Product 535,4/8/2026,2
Product 536,4/8/2026,1
Product 61,4/8/2026,1
Product 537,4/8/2026,1
Product 55,4/8/2026,1
Product 538,4/8/2026,1
Product 539,4/8/2026,1
Product 540,4/8/2026,1
Product 541,4/8/2026,1
Product 542,4/8/2026,1
Product 543,4/8/2026,1
Product 544,4/8/2026,1
Product 545,4/8/2026,1
Product 55,4/8/2026,1
Product 546,4/8/2026,1
Product 547,4/8/2026,2
Product 548,4/8/2026,1
Product 549,4/8/2026,1
Product 550,4/8/2026,1
Product 286,4/7/2026,2
Product 551,4/7/2026,1
Product 552,4/7/2026,1
Product 19,4/7/2026,1
Product 24,4/7/2026,1
Product 297,4/7/2026,1
Product 553,4/7/2026,5
Product 554,4/7/2026,1
Product 555,4/7/2026,2
Product 556,4/7/2026,1
Product 168,4/7/2026,1
Product 61,4/7/2026,1
Product 332,4/7/2026,1
Product 557,4/7/2026,1
Product 93,4/7/2026,1
Product 558,4/7/2026,1
Product 559,4/7/2026,1
Product 560,4/7/2026,2
Product 547,4/7/2026,1
Product 561,4/7/2026,1
Product 562,4/7/2026,1
Product 563,4/7/2026,2
Product 48,4/7/2026,1
Product 35,4/7/2026,2
Product 379,4/7/2026,1
Product 564,4/7/2026,1
Product 565,4/7/2026,1
Product 566,4/7/2026,1
Product 567,4/7/2026,1
Product 568,4/7/2026,1
Product 569,4/7/2026,1
Product 570,4/7/2026,1
Product 571,4/7/2026,1
Product 572,4/7/2026,1
Product 573,4/7/2026,1
Product 574,4/7/2026,1
Product 575,4/7/2026,1
Product 281,4/7/2026,1
Product 56,4/7/2026,-4
Product 576,4/7/2026,1
Product 577,4/7/2026,1
Product 578,4/7/2026,1
Product 579,4/7/2026,1
Product 580,4/7/2026,1
Product 581,4/7/2026,1
Product 582,4/7/2026,1
Product 583,4/7/2026,1
Product 64,4/7/2026,1
Product 584,4/7/2026,1
Product 585,4/7/2026,1
Product 375,4/7/2026,1
Product 328,4/7/2026,1
Product 344,4/7/2026,2
Product 586,4/7/2026,1
Product 93,4/7/2026,1
Product 75,4/7/2026,1
Product 587,4/7/2026,2
Product 331,4/7/2026,1
Product 78,4/7/2026,1
Product 168,4/7/2026,1
Product 588,4/7/2026,1
Product 589,4/7/2026,1
Product 590,4/7/2026,1
Product 591,4/7/2026,1
Product 592,4/7/2026,1
Product 593,4/7/2026,1
Product 594,4/7/2026,1
Product 595,4/7/2026,1
Product 596,4/7/2026,1
Product 597,4/7/2026,1
Product 598,4/7/2026,1
Product 599,4/7/2026,1
Product 600,4/7/2026,1
Product 601,4/7/2026,1
Product 483,4/7/2026,1
Product 602,4/7/2026,1
Product 303,4/7/2026,4
Product 603,4/7/2026,1
Product 604,4/7/2026,1
Product 605,4/7/2026,2
Product 606,4/7/2026,1
Product 607,4/7/2026,1
Product 608,4/7/2026,2
Product 609,4/7/2026,1
Product 86,4/7/2026,1
Product 313,4/7/2026,2
Product 610,4/7/2026,2
Product 611,4/7/2026,1
Product 612,4/7/2026,1
Product 613,4/7/2026,2
Product 614,4/7/2026,1
Product 615,4/7/2026,1
Product 616,4/7/2026,1
Product 617,4/7/2026,1
Product 618,4/7/2026,1
Product 619,4/7/2026,1
Product 620,4/7/2026,1
Product 621,4/7/2026,1
Product 622,4/7/2026,1
Product 623,4/7/2026,1
Product 624,4/7/2026,1
Product 625,4/7/2026,4
Product 36,4/7/2026,1
Product 626,4/7/2026,1
Product 627,4/7/2026,1
Product 628,4/7/2026,1
Product 629,4/7/2026,3
Product 630,4/7/2026,1
Product 173,4/7/2026,1
Product 631,4/7/2026,1
Product 632,4/7/2026,2
Product 633,4/7/2026,2
Product 634,4/7/2026,2
Product 35,4/7/2026,1
Product 157,4/7/2026,1
Product 635,4/7/2026,1
Product 636,4/7/2026,1
Product 637,4/7/2026,3
Product 638,4/7/2026,1
Product 639,4/7/2026,1
Product 640,4/7/2026,1
Product 641,4/7/2026,1
Product 642,4/7/2026,1
Product 643,4/7/2026,2
Product 644,4/7/2026,2
Product 645,4/7/2026,1
Product 646,4/7/2026,1
Product 647,4/7/2026,1
Product 648,4/7/2026,1
Product 649,4/7/2026,1
Product 650,4/7/2026,1
Product 96,4/7/2026,1
Product 119,4/7/2026,1
Product 651,4/7/2026,1
Product 652,4/7/2026,1
Product 149,4/7/2026,2
Product 653,4/7/2026,1
Product 375,4/7/2026,1
Product 637,4/7/2026,1
Product 654,4/7/2026,1
Product 655,4/7/2026,1
Product 656,4/7/2026,1
Product 657,4/7/2026,1
Product 658,4/7/2026,1
Product 659,4/7/2026,1
Product 660,4/7/2026,1
Product 661,4/7/2026,1
Product 662,4/7/2026,1
Product 663,4/7/2026,1
Product 664,4/7/2026,1
Product 665,4/7/2026,1
Product 666,4/7/2026,1
Product 667,4/7/2026,1
Product 668,4/7/2026,1
Product 669,4/7/2026,2
Product 157,4/7/2026,1
Product 670,4/7/2026,1
Product 671,4/7/2026,1
Product 672,4/7/2026,1
Product 35,4/7/2026,1
Product 673,4/7/2026,1
Product 86,4/7/2026,3
Product 674,4/7/2026,1
Product 675,4/7/2026,1
Product 676,4/7/2026,2
Product 677,4/7/2026,1
Product 678,4/7/2026,1
Product 165,4/7/2026,1
Product 679,4/7/2026,1
Product 61,4/7/2026,1
Product 8,4/7/2026,4
Product 93,4/7/2026,1
Product 680,4/7/2026,1
Product 681,4/7/2026,8
Product 682,4/7/2026,1
Product 683,4/7/2026,2
Product 684,4/7/2026,1
Product 685,4/7/2026,1
Product 686,4/7/2026,1
Product 546,4/7/2026,1
Product 687,4/7/2026,1
Product 687,4/7/2026,1
Product 688,4/7/2026,1
Product 689,4/7/2026,1
Product 690,4/7/2026,1
Product 691,4/7/2026,1
Product 379,4/7/2026,1
Product 692,4/7/2026,1
Product 693,4/7/2026,1
Product 694,4/7/2026,1
Product 695,4/7/2026,1
Product 696,4/7/2026,1
Product 697,4/7/2026,1
Product 183,4/7/2026,1
Product 86,4/7/2026,1
Product 698,4/7/2026,1
Product 699,4/7/2026,1
Product 49,4/7/2026,1
Product 700,4/7/2026,2
Product 701,4/7/2026,1
Product 702,4/7/2026,1
Product 203,4/7/2026,1
Product 703,4/7/2026,1
Product 704,4/7/2026,1
Product 705,4/7/2026,1
Product 706,4/7/2026,1
Product 707,4/7/2026,2
Product 708,4/7/2026,1
Product 709,4/7/2026,1
Product 710,4/7/2026,1
Product 711,4/7/2026,1
Product 712,4/7/2026,4
Product 713,4/7/2026,2
Product 714,4/7/2026,1
Product 168,4/7/2026,1
Product 715,4/7/2026,5
Product 716,4/7/2026,1
Product 717,4/7/2026,1
Product 718,4/7/2026,1
Product 504,4/7/2026,1
Product 719,4/7/2026,1
Product 720,4/7/2026,2
Product 507,4/7/2026,1
Product 721,4/7/2026,1
Product 722,4/7/2026,1
Product 723,4/7/2026,1
Product 724,4/7/2026,1
Product 725,4/7/2026,1
Product 726,4/7/2026,1
Product 727,4/7/2026,1
Product 621,4/7/2026,1
Product 728,4/7/2026,1
Product 259,4/7/2026,1
Product 159,4/7/2026,1
Product 729,4/7/2026,1
Product 730,4/7/2026,1
Product 731,4/7/2026,1
Product 732,4/7/2026,1
Product 733,4/7/2026,1
Product 734,4/7/2026,1
Product 735,4/7/2026,1
Product 736,4/7/2026,3
Product 737,4/7/2026,1
Product 738,4/7/2026,1
Product 739,4/7/2026,1
Product 740,4/7/2026,1
Product 342,4/7/2026,1
Product 741,4/7/2026,1
Product 742,4/7/2026,1
Product 699,4/7/2026,1
Product 660,4/7/2026,1
Product 743,4/7/2026,1
Product 744,4/7/2026,1
Product 745,4/7/2026,1
Product 110,4/7/2026,1
Product 746,4/7/2026,1
Product 747,4/7/2026,1
Product 542,4/7/2026,1
Product 748,4/7/2026,1
Product 749,4/7/2026,1
Product 750,4/7/2026,1
Product 751,4/6/2026,2
Product 752,4/6/2026,1
Product 569,4/6/2026,2
Product 327,4/6/2026,1
Product 93,4/6/2026,3
Product 157,4/6/2026,1
Product 519,4/6/2026,2
Product 290,4/6/2026,1
Product 1,4/6/2026,1
Product 1,4/6/2026,1
Product 753,4/6/2026,1
Product 754,4/6/2026,2
Product 755,4/6/2026,1
Product 471,4/6/2026,2
Product 756,4/6/2026,1
Product 2,4/6/2026,1
Product 2,4/6/2026,1
Product 293,4/6/2026,2
Product 35,4/6/2026,3
Product 757,4/6/2026,1
Product 18,4/6/2026,1
Product 19,4/6/2026,1
Product 758,4/6/2026,2
Product 24,4/6/2026,10
Product 759,4/6/2026,2
Product 297,4/6/2026,1
Product 300,4/6/2026,1
Product 301,4/6/2026,2
Product 555,4/6/2026,1
Product 327,4/6/2026,1
Product 760,4/6/2026,1
Product 35,4/6/2026,2
Product 325,4/6/2026,1
Product 761,4/6/2026,1
Product 762,4/6/2026,1
Product 507,4/6/2026,1
Product 763,4/6/2026,1
Product 63,4/6/2026,1
Product 764,4/6/2026,1
Product 765,4/6/2026,2
Product 78,4/6/2026,1
Product 605,4/6/2026,4
Product 766,4/6/2026,4
Product 767,4/6/2026,2
Product 768,4/6/2026,1
Product 162,4/6/2026,1
Product 769,4/6/2026,1
Product 13,4/6/2026,1
Product 770,4/6/2026,1
Product 771,4/6/2026,8
Product 157,4/6/2026,2
Product 333,4/6/2026,1
Product 772,4/6/2026,1
Product 773,4/6/2026,1
Product 774,4/6/2026,1
Product 775,4/6/2026,2
Product 776,4/6/2026,1
Product 777,4/6/2026,1
Product 267,4/6/2026,1
Product 778,4/6/2026,1
Product 779,4/6/2026,1
Product 780,4/6/2026,4
Product 781,4/6/2026,1
Product 782,4/6/2026,1
Product 783,4/6/2026,120
Product 784,4/6/2026,80
Product 785,4/6/2026,28
Product 786,4/6/2026,15
Product 787,4/6/2026,24
Product 788,4/6/2026,24
Product 789,4/6/2026,120
Product 790,4/6/2026,16
Product 791,4/6/2026,80
Product 792,4/6/2026,25
Product 793,4/6/2026,2
Product 794,4/6/2026,1
Product 795,4/6/2026,2
Product 796,4/6/2026,1
Product 797,4/6/2026,1
Product 296,4/6/2026,1
Product 798,4/6/2026,1
Product 799,4/6/2026,3
Product 388,4/6/2026,2
Product 800,4/6/2026,2
Product 801,4/6/2026,1
Product 802,4/6/2026,1
Product 803,4/6/2026,1
Product 93,4/6/2026,1
Product 804,4/6/2026,1
Product 805,4/6/2026,1
Product 657,4/6/2026,1
Product 806,4/6/2026,1
Product 807,4/6/2026,2
Product 808,4/6/2026,1
Product 809,4/6/2026,2
Product 810,4/6/2026,1
Product 222,4/6/2026,2
Product 811,4/6/2026,1
Product 812,4/6/2026,2
Product 813,4/6/2026,4
Product 209,4/6/2026,1
Product 814,4/6/2026,1
Product 815,4/6/2026,1
Product 816,4/6/2026,1
Product 817,4/6/2026,2
Product 818,4/6/2026,2
Product 819,4/6/2026,2
Product 820,4/6/2026,2
Product 821,4/6/2026,1
Product 822,4/6/2026,1
Product 675,4/6/2026,1
Product 823,4/6/2026,1
Product 35,4/6/2026,2
Product 28,4/6/2026,1
Product 824,4/6/2026,1
Product 825,4/6/2026,1
Product 826,4/6/2026,1
Product 86,4/6/2026,1
Product 827,4/6/2026,1
Product 828,4/6/2026,1
Product 829,4/6/2026,1
Product 830,4/6/2026,1
Product 149,4/6/2026,1
Product 831,4/6/2026,2
Product 832,4/6/2026,2
Product 833,4/6/2026,1
Product 834,4/6/2026,1
Product 29,4/6/2026,1
Product 835,4/6/2026,1
Product 96,4/6/2026,1
Product 145,4/6/2026,1
Product 250,4/6/2026,1
Product 407,4/6/2026,1
Product 836,4/6/2026,1
Product 837,4/6/2026,1
Product 838,4/6/2026,1
Product 839,4/6/2026,1
Product 840,4/6/2026,1
Product 841,4/6/2026,1
Product 311,4/6/2026,1
Product 842,4/6/2026,1
Product 252,4/6/2026,1
Product 843,4/6/2026,1
Product 844,4/6/2026,1
Product 845,4/6/2026,1
Product 846,4/6/2026,2
Product 847,4/6/2026,1
Product 29,4/6/2026,1
Product 848,4/6/2026,1
Product 849,4/6/2026,1
Product 93,4/6/2026,2
Product 850,4/6/2026,1
Product 444,4/6/2026,1
Product 851,4/6/2026,3
Product 852,4/6/2026,2
Product 853,4/6/2026,2
Product 93,4/6/2026,3
Product 854,4/6/2026,1
Product 855,4/6/2026,2
Product 626,4/6/2026,1
Product 856,4/6/2026,1
Product 857,4/6/2026,1
Product 86,4/6/2026,1
Product 858,4/6/2026,2
Product 859,4/6/2026,1
Product 860,4/6/2026,1
Product 861,4/6/2026,1
Product 862,4/6/2026,1
Product 15,4/6/2026,1
Product 863,4/6/2026,3
Product 864,4/6/2026,1
Product 865,4/6/2026,1
Product 866,4/6/2026,1
Product 867,4/6/2026,1
Product 179,4/6/2026,1
Product 204,4/6/2026,1
Product 868,4/6/2026,2
Product 869,4/6/2026,1
Product 870,4/6/2026,2
Product 601,4/6/2026,1
Product 871,4/6/2026,1
Product 872,4/6/2026,1
Product 873,4/6/2026,1
Product 874,4/6/2026,1
Product 875,4/6/2026,4
Product 35,4/6/2026,1
Product 379,4/6/2026,1
Product 876,4/6/2026,1
Product 877,4/6/2026,1
Product 878,4/6/2026,1
Product 371,4/6/2026,2
Product 430,4/6/2026,2
Product 35,4/6/2026,1
Product 879,4/6/2026,1
Product 876,4/6/2026,1
Product 880,4/6/2026,2
Product 881,4/6/2026,1
Product 29,4/6/2026,1
Product 882,4/6/2026,1
Product 883,4/6/2026,3
Product 884,4/6/2026,1
Product 885,4/6/2026,1
Product 886,4/6/2026,1
Product 887,4/6/2026,2
Product 888,4/6/2026,1
Product 889,4/6/2026,1
Product 504,4/6/2026,2
Product 687,4/6/2026,1
Product 890,4/6/2026,1
Product 891,4/6/2026,1
Product 892,4/6/2026,1
Product 893,4/6/2026,11
Product 379,4/6/2026,2
Product 894,4/6/2026,1
Product 895,4/6/2026,1
Product 896,4/6/2026,1
Product 897,4/6/2026,1
Product 898,4/6/2026,1
Product 899,4/6/2026,1
Product 520,4/6/2026,1
Product 900,4/6/2026,1
Product 889,4/6/2026,1
Product 901,4/6/2026,1
Product 36,4/6/2026,1
Product 902,4/6/2026,1
Product 903,4/6/2026,1
Product 904,4/6/2026,1
Product 905,4/6/2026,1
Product 268,4/6/2026,1
Product 906,4/6/2026,1
Product 907,4/6/2026,1
Product 908,4/6/2026,1
Product 86,4/6/2026,1
Product 909,4/6/2026,1
Product 910,4/6/2026,1
Product 911,4/6/2026,1
Product 542,4/6/2026,1
Product 912,4/6/2026,1
Product 913,4/6/2026,1
Product 914,4/6/2026,2
Product 915,4/6/2026,1
Product 916,4/6/2026,1
Product 917,4/6/2026,1
Product 918,4/6/2026,1
Product 524,4/6/2026,1
Product 919,4/6/2026,1
Product 251,4/6/2026,1
Product 920,4/6/2026,1
Product 921,4/6/2026,1
Product 922,4/6/2026,1
Product 923,4/6/2026,1
Product 924,4/6/2026,2
Product 159,4/6/2026,1
Product 925,4/6/2026,1
Product 926,4/6/2026,1
Product 729,4/6/2026,1
Product 927,4/6/2026,1
Product 928,4/6/2026,1
Product 204,4/6/2026,1
Product 929,4/6/2026,2
Product 930,4/6/2026,7
Product 931,4/6/2026,1
Product 932,4/6/2026,1
Product 289,4/6/2026,1
Product 933,4/6/2026,1
Product 934,4/6/2026,1
Product 935,4/6/2026,1
Product 936,4/6/2026,1
Product 937,4/6/2026,1
Product 938,4/6/2026,1
Product 736,4/6/2026,1
Product 739,4/6/2026,1
Product 939,4/6/2026,2
Product 940,4/6/2026,1
Product 941,4/6/2026,1
Product 942,4/6/2026,2
Product 943,4/6/2026,1
Product 279,4/6/2026,1
Product 944,4/6/2026,1
Product 945,4/6/2026,1
Product 384,4/6/2026,1
Product 539,4/6/2026,1
Product 946,4/6/2026,1
Product 947,4/6/2026,1
Product 948,4/5/2026,2
Product 949,4/5/2026,2
Product 527,4/5/2026,2
Product 950,4/5/2026,1
Product 951,4/5/2026,1
Product 86,4/5/2026,1
Product 860,4/5/2026,1
Product 952,4/5/2026,1
Product 953,4/5/2026,1
Product 18,4/5/2026,1
Product 953,4/5/2026,1
Product 18,4/5/2026,3
Product 18,4/5/2026,1
Product 954,4/5/2026,1
Product 430,4/5/2026,2
Product 19,4/5/2026,1
Product 23,4/5/2026,2
Product 294,4/5/2026,1
Product 24,4/5/2026,1
Product 93,4/5/2026,1
Product 955,4/5/2026,1
Product 297,4/5/2026,2
Product 554,4/5/2026,1
Product 956,4/5/2026,1
Product 957,4/5/2026,1
Product 958,4/5/2026,1
Product 959,4/5/2026,1
Product 960,4/5/2026,1
Product 961,4/5/2026,1
Product 962,4/5/2026,1
Product 874,4/5/2026,1
Product 555,4/5/2026,2
Product 963,4/5/2026,1
Product 667,4/5/2026,1
Product 964,4/5/2026,2
Product 965,4/5/2026,1
Product 966,4/5/2026,1
Product 967,4/5/2026,1
Product 968,4/5/2026,1
Product 48,4/5/2026,1
Product 969,4/5/2026,1
Product 970,4/5/2026,1
Product 971,4/5/2026,1
Product 972,4/5/2026,2
Product 327,4/5/2026,1
Product 973,4/5/2026,1
Product 327,4/5/2026,1
Product 99,4/5/2026,1
Product 974,4/5/2026,1
Product 975,4/5/2026,1
Product 976,4/5/2026,3
Product 977,4/5/2026,1
Product 978,4/5/2026,1
Product 86,4/5/2026,3
Product 979,4/5/2026,1
Product 980,4/5/2026,1
Product 981,4/5/2026,1
Product 982,4/5/2026,1
Product 983,4/5/2026,1
Product 984,4/5/2026,2
Product 56,4/5/2026,1
Product 985,4/5/2026,1
Product 986,4/5/2026,1
Product 987,4/5/2026,1
Product 577,4/5/2026,1
Product 75,4/5/2026,1
Product 988,4/5/2026,1
Product 42,4/5/2026,1
Product 662,4/5/2026,1
Product 13,4/5/2026,1
Product 989,4/5/2026,1
Product 990,4/5/2026,1
Product 991,4/5/2026,1
Product 992,4/5/2026,1
Product 993,4/5/2026,1
Product 167,4/5/2026,1
Product 994,4/5/2026,1
Product 13,4/5/2026,2
Product 157,4/5/2026,3
Product 995,4/5/2026,1
Product 35,4/5/2026,4
Product 29,4/5/2026,1
Product 996,4/5/2026,2
Product 997,4/5/2026,1
Product 998,4/5/2026,1
Product 999,4/5/2026,1
Product 1000,4/5/2026,1
Product 345,4/5/2026,1
Product 1001,4/5/2026,1
Product 75,4/5/2026,1
Product 295,4/5/2026,1
Product 1002,4/5/2026,1
Product 1003,4/5/2026,1
Product 1004,4/5/2026,1
Product 1005,4/5/2026,1
Product 1006,4/5/2026,1
Product 860,4/5/2026,1
Product 1007,4/5/2026,1
Product 1008,4/5/2026,1
Product 1009,4/5/2026,1
Product 79,4/5/2026,1
Product 1010,4/5/2026,2
Product 1011,4/5/2026,2
Product 54,4/5/2026,1
Product 1010,4/5/2026,1
Product 1012,4/5/2026,2
Product 1013,4/5/2026,1
Product 92,4/5/2026,2
Product 1014,4/5/2026,1
Product 517,4/5/2026,2
Product 1015,4/5/2026,1
Product 661,4/5/2026,1
Product 1016,4/5/2026,1
Product 1017,4/5/2026,2
Product 1018,4/5/2026,1
Product 279,4/5/2026,1
Product 1019,4/5/2026,1
Product 1020,4/5/2026,1
Product 763,4/5/2026,1
Product 1021,4/5/2026,1
Product 1022,4/5/2026,1
Product 603,4/5/2026,1
Product 1023,4/5/2026,1
Product 168,4/5/2026,1
Product 204,4/5/2026,1
Product 1024,4/5/2026,1
Product 1025,4/5/2026,3
Product 1026,4/5/2026,2
Product 1027,4/5/2026,1
Product 171,4/5/2026,1
Product 1028,4/5/2026,1
Product 1029,4/5/2026,1
Product 608,4/5/2026,1
Product 542,4/5/2026,1
Product 1030,4/5/2026,1
Product 766,4/5/2026,2
Product 1031,4/5/2026,1
Product 1032,4/5/2026,1
Product 1033,4/5/2026,1
Product 1034,4/5/2026,1
Product 1035,4/5/2026,1
Product 1036,4/5/2026,1
Product 36,4/5/2026,2
Product 1037,4/5/2026,1
Product 30,4/5/2026,1
Product 1038,4/5/2026,1
Product 1039,4/5/2026,1
Product 1040,4/5/2026,1
Product 1041,4/5/2026,1
Product 1042,4/5/2026,1
Product 388,4/5/2026,4
Product 1043,4/5/2026,1
Product 29,4/5/2026,1
Product 1044,4/5/2026,1
Product 1045,4/5/2026,1
Product 1046,4/5/2026,1
Product 268,4/5/2026,1
Product 1047,4/5/2026,1
Product 1048,4/5/2026,1
Product 794,4/5/2026,1
Product 1049,4/5/2026,1
Product 1050,4/5/2026,2
Product 795,4/5/2026,1
Product 1051,4/5/2026,4
Product 1052,4/5/2026,1
Product 818,4/5/2026,1
Product 375,4/5/2026,4
Product 596,4/5/2026,1
Product 1053,4/5/2026,2
Product 1054,4/5/2026,2
Product 86,4/5/2026,3
Product 1055,4/5/2026,1
Product 1056,4/5/2026,1
Product 388,4/5/2026,1
Product 1057,4/5/2026,2
Product 1058,4/5/2026,1
Product 379,4/5/2026,1
Product 1059,4/5/2026,1
Product 1060,4/5/2026,1
Product 1061,4/5/2026,1
Product 530,4/5/2026,1
Product 1062,4/5/2026,1
Product 1063,4/5/2026,1
Product 1064,4/5/2026,1
Product 1065,4/5/2026,1
Product 1066,4/5/2026,1
Product 278,4/5/2026,1
Product 1067,4/5/2026,1
Product 914,4/5/2026,2
Product 1068,4/5/2026,1
Product 1069,4/5/2026,2
Product 1070,4/5/2026,1
Product 1071,4/5/2026,1
Product 1072,4/5/2026,1
Product 1073,4/5/2026,1
Product 1074,4/5/2026,1
Product 1075,4/5/2026,1
Product 1076,4/5/2026,1
Product 1077,4/5/2026,2
Product 616,4/5/2026,1
Product 1078,4/5/2026,1
Product 1079,4/5/2026,1
Product 1080,4/5/2026,1
Product 1081,4/5/2026,1
Product 1072,4/5/2026,1
Product 303,4/5/2026,2
Product 1082,4/5/2026,2
Product 1083,4/5/2026,2
Product 1084,4/5/2026,1
Product 1085,4/5/2026,1
Product 149,4/5/2026,1
Product 818,4/5/2026,1
Product 375,4/5/2026,2
Product 637,4/5/2026,2
Product 1086,4/5/2026,1
Product 1087,4/5/2026,1
Product 1088,4/5/2026,1
Product 658,4/5/2026,1
Product 1089,4/5/2026,1
Product 1090,4/5/2026,2
Product 1091,4/5/2026,1
Product 1092,4/5/2026,1
Product 1088,4/5/2026,1
Product 667,4/5/2026,2
Product 1093,4/5/2026,1
Product 966,4/5/2026,1
Product 230,4/5/2026,1
Product 168,4/5/2026,1
Product 1094,4/5/2026,2
Product 1095,4/5/2026,1
Product 1096,4/5/2026,1
Product 1097,4/5/2026,1
Product 1098,4/5/2026,1
Product 1099,4/5/2026,1
Product 1100,4/5/2026,1
Product 1101,4/5/2026,1
Product 1102,4/5/2026,2
Product 1103,4/5/2026,2
Product 375,4/5/2026,1
Product 663,4/5/2026,1
Product 1104,4/5/2026,2
Product 1105,4/5/2026,2
Product 1106,4/5/2026,1
Product 1107,4/5/2026,1
Product 1108,4/5/2026,3
Product 1109,4/5/2026,1
Product 1110,4/5/2026,1
Product 1111,4/5/2026,1
Product 1112,4/5/2026,1
Product 1113,4/5/2026,1
Product 14,4/5/2026,1
Product 525,4/5/2026,1
Product 137,4/5/2026,2
Product 1114,4/5/2026,1
Product 1115,4/5/2026,1
Product 352,4/5/2026,1
Product 1116,4/5/2026,1
Product 1117,4/5/2026,1
Product 1118,4/5/2026,1
Product 1119,4/5/2026,1
Product 744,4/5/2026,1
Product 1120,4/5/2026,1
Product 144,4/5/2026,1
Product 1121,4/5/2026,1
Product 1122,4/5/2026,1
Product 1123,4/5/2026,2
Product 539,4/5/2026,1
Product 1124,4/5/2026,1
Product 1125,4/5/2026,1
Product 1126,4/5/2026,1
Product 707,4/5/2026,1
Product 1127,4/5/2026,1
Product 1128,4/5/2026,1
Product 1125,4/5/2026,2
Product 972,4/5/2026,1
Product 1129,4/5/2026,1
Product 1130,4/5/2026,1
Product 1131,4/5/2026,1
Product 1132,4/5/2026,2
Product 1133,4/5/2026,1
Product 1134,4/5/2026,3
Product 1135,4/5/2026,1
Product 1136,4/5/2026,1
Product 1137,4/5/2026,1
Product 1138,4/5/2026,1
Product 1139,4/5/2026,2
Product 35,4/5/2026,1
Product 1140,4/5/2026,1
Product 1141,4/5/2026,1
Product 1142,4/5/2026,1
Product 36,4/5/2026,2
Product 1143,4/5/2026,1
Product 1144,4/5/2026,1
Product 96,4/5/2026,1
Product 407,4/5/2026,1
Product 117,4/5/2026,1
Product 1145,4/5/2026,1
Product 1092,4/5/2026,1
Product 1146,4/5/2026,1
Product 651,4/5/2026,1
Product 82,4/5/2026,1
Product 1147,4/5/2026,2
Product 93,4/5/2026,4
Product 1148,4/5/2026,1
Product 1149,4/5/2026,1
Product 99,4/5/2026,1
Product 149,4/5/2026,1
Product 653,4/5/2026,2
Product 1150,4/5/2026,2
Product 1151,4/5/2026,2
Product 818,4/5/2026,1
Product 1087,4/5/2026,1
Product 375,4/5/2026,2
Product 1152,4/5/2026,1
Product 664,4/5/2026,1
Product 1153,4/5/2026,2
Product 1154,4/5/2026,2
Product 592,4/5/2026,2
Product 663,4/5/2026,1
Product 1155,4/5/2026,1
Product 377,4/5/2026,1
Product 1156,4/5/2026,2
Product 1157,4/5/2026,1
Product 1158,4/5/2026,1
Product 1159,4/5/2026,2
Product 1160,4/5/2026,2
Product 1161,4/5/2026,1
Product 1162,4/5/2026,1
Product 1163,4/5/2026,1
Product 1164,4/5/2026,2
Product 1165,4/5/2026,1
Product 1166,4/5/2026,1
Product 379,4/5/2026,1
Product 1167,4/5/2026,1
Product 1168,4/5/2026,1
Product 1169,4/5/2026,1
Product 1170,4/5/2026,1
Product 93,4/5/2026,3
Product 1171,4/5/2026,1
Product 1172,4/5/2026,1
Product 1173,4/5/2026,1
Product 1174,4/5/2026,1
Product 1175,4/5/2026,1
Product 1176,4/5/2026,1
Product 1177,4/5/2026,1
Product 1178,4/5/2026,6
Product 1179,4/5/2026,1
Product 379,4/5/2026,2
Product 1180,4/5/2026,1
Product 202,4/5/2026,1
Product 1181,4/5/2026,1
Product 1182,4/5/2026,1
Product 1183,4/5/2026,1
Product 1184,4/5/2026,2
Product 1185,4/5/2026,1
Product 1186,4/5/2026,1
Product 1187,4/5/2026,3
Product 1188,4/5/2026,1
Product 1189,4/5/2026,1
Product 1190,4/5/2026,1
Product 1191,4/5/2026,1
Product 1136,4/5/2026,1
Product 1192,4/5/2026,1
Product 1193,4/5/2026,1
Product 614,4/5/2026,1
Product 93,4/5/2026,1
Product 1194,4/5/2026,1
Product 1195,4/5/2026,2
Product 1196,4/5/2026,1
Product 1197,4/5/2026,2
Product 1198,4/5/2026,1
Product 1199,4/5/2026,1
Product 1200,4/5/2026,1
Product 1201,4/5/2026,1
Product 687,4/5/2026,1
Product 1202,4/5/2026,1
Product 1203,4/5/2026,1
Product 698,4/5/2026,1
Product 1187,4/5/2026,1
Product 1204,4/5/2026,1
Product 1205,4/5/2026,1
Product 1206,4/5/2026,1
Product 567,4/5/2026,1
Product 1207,4/5/2026,1
Product 759,4/5/2026,1
Product 1208,4/5/2026,1
Product 35,4/5/2026,1
Product 157,4/5/2026,1
Product 1209,4/5/2026,1
Product 1210,4/5/2026,1
Product 1211,4/5/2026,1
Product 1212,4/5/2026,3
Product 1213,4/5/2026,1
Product 1214,4/5/2026,1
Product 1215,4/5/2026,1
Product 736,4/5/2026,1
Product 1216,4/5/2026,1
Product 1217,4/5/2026,1
Product 1218,4/5/2026,1
Product 687,4/5/2026,2
Product 1219,4/5/2026,1
Product 687,4/5/2026,1
Product 209,4/5/2026,1
Product 472,4/5/2026,1
Product 1220,4/5/2026,1
Product 1145,4/5/2026,1
Product 1221,4/5/2026,2
Product 1222,4/5/2026,1
Product 1223,4/5/2026,1
Product 1224,4/5/2026,1
Product 1225,4/5/2026,1
Product 1226,4/5/2026,1
Product 1227,4/5/2026,1
Product 1228,4/5/2026,1
Product 1229,4/5/2026,1
Product 194,4/5/2026,1
Product 1230,4/5/2026,2
Product 1231,4/5/2026,3
Product 1232,4/5/2026,1
Product 1233,4/5/2026,1
Product 1234,4/5/2026,1
Product 1235,4/5/2026,1
Product 1236,4/5/2026,2
Product 1237,4/5/2026,1
Product 1238,4/5/2026,1
Product 261,4/5/2026,1
Product 1239,4/5/2026,1
Product 1237,4/5/2026,1
Product 1240,4/5/2026,1
Product 1241,4/5/2026,3
Product 1242,4/5/2026,1
Product 1243,4/5/2026,1
Product 1244,4/5/2026,1
Product 1242,4/5/2026,1
Product 1245,4/5/2026,1
Product 1246,4/5/2026,1
Product 447,4/5/2026,1
Product 412,4/5/2026,1
Product 1247,4/5/2026,1
Product 1248,4/5/2026,1
Product 1117,4/5/2026,1
Product 785,4/5/2026,5
Product 787,4/5/2026,4
Product 788,4/5/2026,8
Product 1249,4/5/2026,4
Product 1250,4/5/2026,5
Product 789,4/5/2026,20
Product 1156,4/5/2026,1
Product 1251,4/5/2026,1
Product 791,4/5/2026,20
Product 1252,4/5/2026,1
Product 1253,4/5/2026,1
Product 1254,4/5/2026,1
Product 1255,4/5/2026,2
Product 1256,4/5/2026,1
Product 1257,4/5/2026,8
Product 1258,4/5/2026,1
Product 1259,4/5/2026,1
Product 476,4/5/2026,1
Product 1260,4/5/2026,1
Product 1261,4/5/2026,1
Product 1262,4/5/2026,1
Product 1263,4/5/2026,1
Product 1264,4/5/2026,1
Product 227,4/5/2026,1
Product 1265,4/5/2026,1
Product 1266,4/5/2026,1
Product 1267,4/5/2026,1
Product 1268,4/5/2026,2
Product 1269,4/5/2026,2
Product 712,4/5/2026,1
Product 1270,4/5/2026,1
Product 1118,4/5/2026,1
Product 1271,4/5/2026,1
Product 1272,4/5/2026,1
Product 1273,4/5/2026,1
Product 1274,4/5/2026,2
Product 1275,4/5/2026,1
Product 1276,4/5/2026,1
Product 1277,4/5/2026,1
Product 36,4/5/2026,1
Product 1154,4/5/2026,1
Product 1278,4/5/2026,1
Product 528,4/5/2026,1
Product 1279,4/5/2026,1
Product 1280,4/5/2026,1
Product 13,4/5/2026,1
Product 728,4/5/2026,1
Product 1281,4/5/2026,1
Product 1282,4/5/2026,1
Product 530,4/5/2026,1
Product 1283,4/5/2026,1
Product 1284,4/5/2026,1
Product 1285,4/5/2026,1
Product 1286,4/5/2026,1
Product 261,4/5/2026,2
Product 1239,4/5/2026,1
Product 1287,4/5/2026,1
Product 1046,4/5/2026,1
Product 1288,4/5/2026,3
Product 1289,4/5/2026,1
Product 1290,4/5/2026,2
Product 322,4/5/2026,1
Product 264,4/5/2026,1
Product 29,4/5/2026,1
Product 1291,4/5/2026,1
Product 921,4/5/2026,1
Product 1292,4/5/2026,1
Product 1293,4/5/2026,1
Product 429,4/5/2026,2
Product 70,4/5/2026,2
Product 1294,4/5/2026,1
Product 1295,4/5/2026,1
Product 729,4/5/2026,1
Product 1296,4/5/2026,2
Product 1297,4/5/2026,1
Product 1298,4/5/2026,1
Product 1299,4/5/2026,1
Product 1300,4/5/2026,1
Product 1301,4/5/2026,1
Product 916,4/5/2026,1
Product 1302,4/5/2026,3
Product 1303,4/5/2026,1
Product 1304,4/5/2026,1
Product 1302,4/5/2026,1
Product 1305,4/5/2026,1
Product 1306,4/5/2026,1
Product 1307,4/5/2026,1
Product 918,4/5/2026,1
Product 1308,4/5/2026,1
Product 1309,4/5/2026,1
Product 504,4/5/2026,2
Product 1310,4/5/2026,1
Product 251,4/5/2026,1
Product 1311,4/5/2026,1
Product 1312,4/5/2026,1
Product 159,4/5/2026,2
Product 564,4/5/2026,1
Product 1313,4/5/2026,1
Product 1314,4/5/2026,1
Product 1311,4/5/2026,1
Product 514,4/5/2026,3
Product 1315,4/5/2026,1
Product 159,4/5/2026,1
Product 1316,4/5/2026,3
Product 1317,4/5/2026,2
Product 925,4/5/2026,1
Product 463,4/5/2026,1
Product 463,4/5/2026,1
Product 1318,4/5/2026,1
Product 1319,4/5/2026,1
Product 1320,4/5/2026,1
Product 1321,4/5/2026,1
Product 1322,4/5/2026,1
Product 1323,4/5/2026,1
Product 1324,4/5/2026,1
Product 528,4/5/2026,1
Product 854,4/5/2026,1
Product 1325,4/5/2026,1
Product 1326,4/5/2026,1
Product 1327,4/5/2026,1
Product 1328,4/5/2026,1
Product 1329,4/5/2026,2
Product 1310,4/5/2026,1
Product 1330,4/5/2026,1
Product 1331,4/5/2026,1
Product 1332,4/5/2026,1
Product 1333,4/5/2026,1
Product 1334,4/5/2026,1
Product 1335,4/5/2026,1
Product 1336,4/5/2026,1
Product 14,4/5/2026,1
Product 871,4/5/2026,1
Product 1337,4/5/2026,1
Product 1338,4/5/2026,1
Product 1339,4/5/2026,1
Product 534,4/5/2026,1
Product 1340,4/5/2026,1
Product 1341,4/5/2026,1
Product 1342,4/5/2026,1
Product 1343,4/5/2026,1
Product 1344,4/5/2026,1
Product 1345,4/5/2026,1
Product 1346,4/5/2026,1
Product 1347,4/5/2026,1
Product 736,4/5/2026,1
Product 621,4/5/2026,1
Product 1348,4/5/2026,1
Product 843,4/5/2026,1
Product 1349,4/5/2026,1
Product 1350,4/5/2026,1
Product 204,4/5/2026,1
Product 160,4/5/2026,2
Product 516,4/5/2026,1
Product 1351,4/5/2026,1
Product 564,4/5/2026,1
Product 1352,4/5/2026,1
Product 1353,4/5/2026,1
Product 1354,4/5/2026,2
Product 1355,4/5/2026,1
Product 1356,4/5/2026,1
Product 739,4/5/2026,1
Product 1357,4/5/2026,1
Product 1358,4/5/2026,2
Product 940,4/5/2026,1
Product 536,4/5/2026,1
Product 61,4/5/2026,1
Product 1359,4/5/2026,1
Product 1360,4/5/2026,1
Product 384,4/5/2026,1
Product 1361,4/5/2026,1
Product 1362,4/5/2026,1
Product 660,4/5/2026,1
Product 1363,4/5/2026,1
Product 1364,4/5/2026,1
Product 1365,4/5/2026,1
Product 1366,4/5/2026,1
Product 539,4/5/2026,1
Product 542,4/5/2026,1
Product 67,4/5/2026,1
Product 1367,4/5/2026,1
Product 1368,4/5/2026,1
Product 1369,4/5/2026,1
Product 318,4/5/2026,2
Product 860,4/5/2026,2
Product 1370,4/5/2026,1
Product 1371,4/5/2026,1
Product 946,4/5/2026,1
Product 946,4/5/2026,3
Product 103,4/5/2026,1
Product 1372,4/5/2026,1
Product 1373,4/5/2026,1
Product 18,4/4/2026,1
Product 297,4/4/2026,1
Product 18,4/4/2026,1
Product 19,4/4/2026,1
Product 1374,4/4/2026,1
Product 23,4/4/2026,1
Product 294,4/4/2026,1
Product 294,4/4/2026,1
Product 758,4/4/2026,1
Product 955,4/4/2026,1
Product 554,4/4/2026,1
Product 1375,4/4/2026,1
Product 754,4/4/2026,1
Product 1376,4/4/2026,1
Product 321,4/4/2026,1
Product 1377,4/4/2026,1
Product 1378,4/4/2026,3
Product 1379,4/4/2026,1
Product 768,4/4/2026,1
Product 1380,4/4/2026,3
Product 375,4/4/2026,1
Product 1381,4/4/2026,2
Product 1131,4/4/2026,1
Product 1382,4/4/2026,1
Product 638,4/4/2026,1
Product 1383,4/4/2026,1
Product 379,4/4/2026,2
Product 1204,4/4/2026,1
Product 1384,4/4/2026,1
Product 1064,4/4/2026,1
Product 1385,4/4/2026,1
Product 1386,4/4/2026,1
Product 1387,4/4/2026,1
Product 667,4/4/2026,1
Product 1388,4/4/2026,1
Product 1389,4/4/2026,1
Product 1390,4/4/2026,1
Product 503,4/4/2026,1
Product 906,4/4/2026,1
Product 907,4/4/2026,1
Product 1391,4/4/2026,1
Product 1392,4/4/2026,1
Product 1393,4/4/2026,1
Product 1394,4/4/2026,1
Product 1395,4/4/2026,1
Product 1396,4/4/2026,1
Product 1397,4/4/2026,1
Product 35,4/4/2026,3
Product 1398,4/4/2026,1
Product 760,4/4/2026,2
Product 93,4/4/2026,1
Product 1399,4/4/2026,1
Product 1400,4/4/2026,16
Product 74,4/4/2026,1
Product 93,4/4/2026,1
Product 971,4/4/2026,1
Product 348,4/4/2026,1
Product 1401,4/4/2026,1
Product 157,4/4/2026,1
Product 1402,4/4/2026,1
Product 1403,4/4/2026,1
Product 1356,4/4/2026,1
Product 1404,4/4/2026,2
Product 1405,4/4/2026,1
Product 35,4/4/2026,5
Product 1406,4/4/2026,1
Product 1407,4/4/2026,1
Product 1408,4/4/2026,1
Product 1026,4/4/2026,1
Product 324,4/4/2026,3
Product 1352,4/4/2026,2
Product 325,4/4/2026,2
Product 1409,4/4/2026,1
Product 1410,4/4/2026,3
Product 1411,4/4/2026,1
Product 1412,4/4/2026,1
Product 1044,4/4/2026,1
Product 1413,4/4/2026,1
Product 992,4/4/2026,1
Product 1414,4/4/2026,1
Product 1415,4/4/2026,1
Product 1416,4/4/2026,1
Product 35,4/4/2026,5
Product 1417,4/4/2026,1
Product 1418,4/4/2026,1
Product 157,4/4/2026,1
Product 1419,4/4/2026,1
Product 1420,4/4/2026,1
Product 1421,4/4/2026,1
Product 1422,4/4/2026,1
Product 1423,4/4/2026,1
Product 1424,4/4/2026,1
Product 1425,4/4/2026,1
Product 1426,4/4/2026,1
Product 1427,4/4/2026,1
Product 86,4/4/2026,2
Product 328,4/4/2026,1
Product 1428,4/4/2026,1
Product 1429,4/4/2026,1
Product 92,4/4/2026,1
Product 1429,4/4/2026,1
Product 1430,4/4/2026,1
Product 115,4/4/2026,1
Product 645,4/4/2026,1
Product 1431,4/4/2026,1
Product 1432,4/4/2026,2
Product 13,4/4/2026,1
Product 1433,4/4/2026,1
Product 119,4/4/2026,1
Product 1434,4/4/2026,1
Product 1435,4/4/2026,1
Product 1436,4/4/2026,1
Product 812,4/4/2026,1
Product 1088,4/4/2026,1
Product 36,4/4/2026,3
Product 1007,4/4/2026,1
Product 1437,4/4/2026,1
Product 1438,4/4/2026,1
Product 1439,4/4/2026,1
Product 1440,4/4/2026,1
Product 1441,4/4/2026,1
Product 1442,4/4/2026,1
Product 222,4/4/2026,1
Product 335,4/4/2026,1
Product 1443,4/4/2026,1
Product 1444,4/4/2026,1
Product 1445,4/4/2026,1
Product 1446,4/4/2026,1
Product 603,4/4/2026,3
Product 92,4/4/2026,1
Product 1447,4/4/2026,1
Product 1016,4/4/2026,1
Product 1448,4/4/2026,3
Product 344,4/4/2026,2
Product 1449,4/4/2026,1
Product 412,4/4/2026,1
Product 1450,4/4/2026,1
Product 1451,4/4/2026,1
Product 1452,4/4/2026,1
Product 1453,4/4/2026,1
Product 1454,4/4/2026,1
Product 385,4/4/2026,2
Product 13,4/4/2026,1
Product 1455,4/4/2026,1
Product 1456,4/4/2026,1
Product 1457,4/4/2026,1
Product 1458,4/4/2026,1
Product 1029,4/4/2026,1
Product 1459,4/4/2026,1
Product 1460,4/4/2026,1
Product 157,4/4/2026,1
Product 797,4/4/2026,1
Product 1461,4/4/2026,1
Product 1029,4/4/2026,1
Product 766,4/4/2026,1
Product 1462,4/4/2026,1
Product 1463,4/4/2026,1
Product 1464,4/4/2026,2
Product 1465,4/4/2026,1
Product 70,4/4/2026,1
Product 1248,4/4/2026,1
Product 1466,4/4/2026,1
Product 1467,4/4/2026,1
Product 29,4/4/2026,2
Product 528,4/4/2026,1
Product 1468,4/4/2026,1
Product 1469,4/4/2026,1
Product 1470,4/4/2026,1
Product 1471,4/4/2026,2
Product 1472,4/4/2026,2
Product 921,4/4/2026,1
Product 1473,4/4/2026,1
Product 1474,4/4/2026,1
Product 278,4/4/2026,1
Product 1475,4/4/2026,1
Product 1476,4/4/2026,1
Product 1477,4/4/2026,2
Product 1066,4/4/2026,1
Product 115,4/4/2026,1
Product 1478,4/4/2026,3
Product 627,4/4/2026,1
Product 834,4/4/2026,1
Product 1479,4/4/2026,3
Product 146,4/4/2026,2
Product 407,4/4/2026,2
Product 1480,4/4/2026,1
Product 1481,4/4/2026,2
Product 1482,4/4/2026,1
Product 378,4/4/2026,1
Product 1151,4/4/2026,1
Product 1483,4/4/2026,1
Product 1484,4/4/2026,1
Product 1485,4/4/2026,1
Product 33,4/4/2026,1
Product 1486,4/4/2026,1
Product 1487,4/4/2026,1
Product 1488,4/4/2026,1
Product 1489,4/4/2026,1
Product 1490,4/4/2026,1
Product 32,4/4/2026,1
Product 1387,4/4/2026,1
Product 409,4/4/2026,1
Product 1491,4/4/2026,1
Product 1492,4/4/2026,1
Product 1465,4/4/2026,1
Product 1072,4/4/2026,1
Product 1493,4/4/2026,1
Product 1494,4/4/2026,1
Product 1495,4/4/2026,2
Product 1496,4/4/2026,1
Product 1497,4/4/2026,1
Product 1498,4/4/2026,1
Product 233,4/4/2026,1
Product 1499,4/4/2026,1
Product 654,4/4/2026,1
Product 93,4/4/2026,5
Product 599,4/4/2026,1
Product 1500,4/4/2026,1
Product 1501,4/4/2026,1
Product 1502,4/4/2026,1
Product 1503,4/4/2026,1
Product 1504,4/4/2026,1
Product 1505,4/4/2026,1
Product 1506,4/4/2026,1
Product 418,4/4/2026,1
Product 1507,4/4/2026,1
Product 1508,4/4/2026,2
Product 1509,4/4/2026,1
Product 1510,4/4/2026,1
Product 738,4/4/2026,1
Product 1124,4/4/2026,2
Product 1125,4/4/2026,2
Product 1511,4/4/2026,1
Product 1512,4/4/2026,1
Product 61,4/4/2026,1
Product 1513,4/4/2026,1
Product 103,4/4/2026,1
Product 407,4/4/2026,0
Product 1514,4/4/2026,0
Product 407,4/4/2026,4
Product 1515,4/4/2026,1
Product 1516,4/4/2026,1
Product 1517,4/4/2026,1
Product 1518,4/4/2026,1
Product 1519,4/4/2026,1
Product 1209,4/4/2026,1
Product 1211,4/4/2026,1
Product 410,4/4/2026,1
Product 1520,4/4/2026,1
Product 1521,4/4/2026,1
Product 660,4/4/2026,2
Product 332,4/4/2026,1
Product 1073,4/4/2026,1
Product 1522,4/4/2026,1
Product 98,4/4/2026,1
Product 1523,4/4/2026,1
Product 1524,4/4/2026,1
Product 1525,4/4/2026,1
Product 1526,4/4/2026,1
Product 112,4/4/2026,1
Product 1527,4/4/2026,2
Product 147,4/4/2026,1
Product 1381,4/4/2026,1
Product 1131,4/4/2026,1
Product 374,4/4/2026,1
Product 1528,4/4/2026,1
Product 374,4/4/2026,1
Product 1529,4/4/2026,1
Product 150,4/4/2026,1
Product 594,4/4/2026,1
Product 1530,4/4/2026,1
Product 974,4/4/2026,1
Product 1531,4/4/2026,1
Product 1532,4/4/2026,1
Product 376,4/4/2026,1
Product 1533,4/4/2026,1
Product 1534,4/4/2026,1
Product 1535,4/4/2026,2
Product 1087,4/4/2026,1
Product 658,4/4/2026,1
Product 976,4/4/2026,1
Product 663,4/4/2026,1
Product 1536,4/4/2026,1
Product 592,4/4/2026,1
Product 377,4/4/2026,1
Product 1135,4/4/2026,1
Product 1537,4/4/2026,1
Product 418,4/4/2026,1
Product 1538,4/4/2026,1
Product 1539,4/4/2026,1
Product 1540,4/4/2026,1
Product 279,4/4/2026,1
Product 1541,4/4/2026,2
Product 1057,4/4/2026,1
Product 1542,4/4/2026,1
Product 1543,4/4/2026,1
Product 1544,4/4/2026,1
Product 1545,4/4/2026,1
Product 1546,4/4/2026,1
Product 1547,4/4/2026,1
Product 1548,4/4/2026,1
Product 1549,4/4/2026,1
Product 1550,4/4/2026,1
Product 887,4/4/2026,1
Product 1551,4/4/2026,4
Product 86,4/4/2026,2
Product 1111,4/4/2026,1
Product 1552,4/4/2026,1
Product 1553,4/4/2026,1
Product 1554,4/4/2026,2
Product 1555,4/4/2026,1
Product 1556,4/4/2026,2
Product 246,4/4/2026,1
Product 694,4/4/2026,1
Product 1557,4/4/2026,1
Product 1558,4/4/2026,1
Product 1559,4/4/2026,2
Product 1560,4/4/2026,2
Product 1277,4/4/2026,1
Product 1561,4/4/2026,1
Product 1562,4/4/2026,1
Product 1563,4/4/2026,1
Product 1564,4/4/2026,1
Product 1565,4/4/2026,1
Product 645,4/4/2026,2
Product 456,4/4/2026,1
Product 1566,4/4/2026,1
Product 1567,4/4/2026,1
Product 1568,4/4/2026,1
Product 1569,4/4/2026,1
Product 164,4/4/2026,1
Product 176,4/4/2026,1
Product 1570,4/4/2026,2
Product 1571,4/4/2026,1
Product 93,4/4/2026,1
Product 1572,4/4/2026,1
Product 1573,4/4/2026,1
Product 1574,4/4/2026,1
Product 1575,4/4/2026,1
Product 1466,4/4/2026,1
Product 1576,4/4/2026,1
Product 1577,4/4/2026,1
Product 1270,4/4/2026,1
Product 1578,4/4/2026,1
Product 1326,4/4/2026,1
Product 1579,4/4/2026,1
Product 1580,4/4/2026,1
Product 1581,4/4/2026,1
Product 1582,4/4/2026,1
Product 1392,4/4/2026,1
Product 1576,4/4/2026,1
Product 36,4/4/2026,1
Product 253,4/4/2026,1
Product 1583,4/4/2026,1
Product 35,4/4/2026,2
Product 1584,4/4/2026,1
Product 1585,4/4/2026,1
Product 1586,4/4/2026,1
Product 1587,4/4/2026,1
Product 1588,4/4/2026,1
Product 1589,4/4/2026,1
Product 36,4/4/2026,1
Product 1590,4/4/2026,1
Product 1591,4/4/2026,1
Product 204,4/4/2026,1
Product 1592,4/4/2026,1
Product 1593,4/4/2026,1
Product 1594,4/4/2026,1
Product 970,4/4/2026,1
Product 219,4/4/2026,1
Product 1369,4/4/2026,1
Product 908,4/4/2026,1
Product 1595,4/4/2026,1
Product 1596,4/4/2026,1
Product 29,4/4/2026,2
Product 1597,4/4/2026,1
Product 235,4/4/2026,1
Product 1598,4/4/2026,1
Product 509,4/4/2026,1
Product 724,4/4/2026,4
Product 1599,4/4/2026,1
Product 1600,4/4/2026,1
Product 1601,4/4/2026,1
Product 1602,4/4/2026,2
Product 1603,4/4/2026,1
Product 1604,4/4/2026,1
Product 1605,4/4/2026,1
Product 923,4/4/2026,1
Product 1606,4/4/2026,2
Product 1607,4/4/2026,1
Product 1608,4/4/2026,1
Product 1609,4/4/2026,1
Product 1610,4/4/2026,1
Product 1611,4/4/2026,2
Product 1612,4/4/2026,1
Product 1613,4/4/2026,1
Product 1398,4/4/2026,1
Product 1614,4/4/2026,1
Product 1615,4/4/2026,1
Product 1616,4/4/2026,1
Product 1617,4/4/2026,1
Product 1618,4/4/2026,1
Product 1619,4/4/2026,1
Product 1620,4/4/2026,1
Product 1621,4/4/2026,1
Product 1309,4/4/2026,2
Product 1622,4/4/2026,1
Product 424,4/4/2026,1
Product 1623,4/4/2026,1
Product 709,4/4/2026,1
Product 1589,4/4/2026,1
Product 936,4/4/2026,1
Product 1624,4/4/2026,1
Product 1625,4/4/2026,1
Product 1626,4/4/2026,1
Product 1627,4/4/2026,1
Product 1628,4/4/2026,2
Product 1629,4/4/2026,1
Product 1630,4/4/2026,1
Product 52,4/4/2026,2
Product 1631,4/4/2026,1
Product 536,4/4/2026,1
Product 1632,4/4/2026,1
Product 379,4/4/2026,1
Product 1633,4/4/2026,1
Product 264,4/4/2026,2
Product 866,4/4/2026,1
Product 1634,4/4/2026,1
Product 1635,4/4/2026,1
Product 1636,4/4/2026,1
Product 1276,4/4/2026,1
Product 882,4/4/2026,2
Product 550,4/4/2026,1
Product 379,4/4/2026,2
Product 1182,4/4/2026,4
Product 1637,4/4/2026,1
Product 1329,4/4/2026,2
Product 1638,4/4/2026,2
Product 1639,4/4/2026,1
Product 1640,4/4/2026,1
Product 1641,4/4/2026,1
Product 195,4/4/2026,2
Product 1642,4/4/2026,1
Product 1643,4/4/2026,1
Product 1644,4/4/2026,1
Product 1645,4/4/2026,1
Product 1646,4/4/2026,1
Product 1301,4/4/2026,1
Product 1647,4/4/2026,1
Product 1648,4/4/2026,1
Product 235,4/4/2026,1
Product 1649,4/4/2026,1
Product 111,4/4/2026,1
Product 252,4/4/2026,1
Product 1650,4/4/2026,1
Product 252,4/4/2026,2
Product 1651,4/4/2026,1
Product 430,4/4/2026,1
Product 506,4/4/2026,1
Product 1652,4/4/2026,1
Product 1653,4/4/2026,1
Product 921,4/4/2026,1
Product 1654,4/4/2026,2
Product 1655,4/4/2026,1
Product 923,4/4/2026,2
Product 109,4/4/2026,3
Product 1656,4/4/2026,2
Product 1314,4/4/2026,1
Product 1657,4/4/2026,1
Product 1230,4/4/2026,1
Product 1317,4/4/2026,1
Product 1654,4/4/2026,1
Product 1658,4/4/2026,1
Product 412,4/4/2026,2
Product 1659,4/4/2026,1
Product 729,4/4/2026,1
Product 1660,4/4/2026,4
Product 925,4/4/2026,3
Product 463,4/4/2026,1
Product 1661,4/4/2026,2
Product 1662,4/4/2026,1
Product 1663,4/4/2026,1
Product 715,4/4/2026,1
Product 1664,4/4/2026,1
Product 1665,4/4/2026,1
Product 527,4/4/2026,1
Product 1666,4/4/2026,1
Product 1667,4/4/2026,1
Product 160,4/4/2026,1
Product 1668,4/4/2026,1
Product 262,4/4/2026,1
Product 1669,4/4/2026,2
Product 1670,4/4/2026,1
Product 1671,4/4/2026,1
Product 1672,4/4/2026,1
Product 1673,4/4/2026,1
Product 1580,4/4/2026,1
Product 1674,4/4/2026,1
Product 1675,4/4/2026,1
Product 621,4/4/2026,1
Product 735,4/4/2026,1
Product 1676,4/4/2026,1
Product 1677,4/4/2026,1
Product 1678,4/4/2026,1
Product 1679,4/4/2026,1
Product 738,4/4/2026,1
Product 1680,4/4/2026,1
Product 340,4/4/2026,1
Product 278,4/4/2026,1
Product 1165,4/4/2026,2
Product 1681,4/4/2026,1
Product 61,4/4/2026,2
Product 1682,4/4/2026,1
Product 1683,4/4/2026,1
Product 1684,4/4/2026,1
Product 1685,4/4/2026,1
Product 524,4/4/2026,1
Product 1686,4/4/2026,1
Product 489,4/4/2026,2
Product 1687,4/4/2026,2
Product 540,4/4/2026,2
Product 1688,4/4/2026,1
Product 1145,4/4/2026,1
Product 1689,4/4/2026,1
Product 39,4/4/2026,1
Product 1535,4/4/2026,1
Product 863,4/4/2026,1
Product 1690,4/4/2026,1
Product 1691,4/4/2026,1
Product 717,4/4/2026,1
Product 1692,4/4/2026,3
Product 1693,4/4/2026,1
Product 1694,4/4/2026,1
Product 1277,4/4/2026,1
Product 270,4/4/2026,1
Product 1695,4/4/2026,1
Product 365,4/4/2026,1
Product 1696,4/4/2026,1
Product 1,4/3/2026,1
Product 953,4/3/2026,1
Product 19,4/3/2026,1
Product 758,4/3/2026,1
Product 24,4/3/2026,6
Product 93,4/3/2026,1
Product 298,4/3/2026,1
Product 1697,4/3/2026,1
Product 754,4/3/2026,1
Product 1017,4/3/2026,2
Product 1698,4/3/2026,1
Product 1699,4/3/2026,1
Product 1700,4/3/2026,1
Product 93,4/3/2026,2
Product 1701,4/3/2026,1
Product 1702,4/3/2026,1
Product 325,4/3/2026,1
Product 1703,4/3/2026,1
Product 321,4/3/2026,1
Product 1704,4/3/2026,1
Product 1487,4/3/2026,1
Product 1144,4/3/2026,1
Product 157,4/3/2026,4
Product 1705,4/3/2026,1
Product 555,4/3/2026,1
Product 1706,4/3/2026,1
Product 1707,4/3/2026,1
Product 1708,4/3/2026,1
Product 258,4/3/2026,1
Product 563,4/3/2026,3
Product 1709,4/3/2026,2
Product 159,4/3/2026,1
Product 1710,4/3/2026,1
Product 1711,4/3/2026,1
Product 1712,4/3/2026,1
Product 1713,4/3/2026,1
Product 1714,4/3/2026,1
Product 571,4/3/2026,1
Product 157,4/3/2026,2
Product 1308,4/3/2026,1
Product 1715,4/3/2026,1
Product 1716,4/3/2026,1
Product 1717,4/3/2026,1
Product 1718,4/3/2026,1
Product 1719,4/3/2026,1
Product 276,4/3/2026,1
Product 1720,4/3/2026,1
Product 1721,4/3/2026,1
Product 1722,4/3/2026,1
Product 58,4/3/2026,1
Product 1131,4/3/2026,2
Product 1464,4/3/2026,1
Product 1723,4/3/2026,1
Product 1724,4/3/2026,1
Product 418,4/3/2026,1
Product 1725,4/3/2026,1
Product 1726,4/3/2026,1
Product 1727,4/3/2026,1
Product 78,4/3/2026,1
Product 602,4/3/2026,2
Product 1728,4/3/2026,1
Product 1729,4/3/2026,1
Product 1036,4/3/2026,1
Product 1730,4/3/2026,1
Product 922,4/3/2026,1
Product 1731,4/3/2026,1
Product 929,4/3/2026,2
Product 1732,4/3/2026,1
Product 1733,4/3/2026,1
Product 1734,4/3/2026,1
Product 660,4/3/2026,1
Product 1203,4/3/2026,1
Product 75,4/3/2026,1
Product 1009,4/3/2026,1
Product 157,4/3/2026,1
Product 109,4/3/2026,3
Product 380,4/3/2026,6
Product 1008,4/3/2026,1
Product 1735,4/3/2026,1
Product 388,4/3/2026,1
Product 1736,4/3/2026,1
Product 1737,4/3/2026,1
Product 36,4/3/2026,1
Product 486,4/3/2026,1
Product 1738,4/3/2026,1
Product 1739,4/3/2026,4
Product 1740,4/3/2026,1
Product 1741,4/3/2026,6
Product 90,4/3/2026,1
Product 772,4/3/2026,1
Product 766,4/3/2026,2
Product 1742,4/3/2026,1
Product 1743,4/3/2026,1
Product 35,4/3/2026,2
Product 1744,4/3/2026,1
Product 850,4/3/2026,1
Product 1745,4/3/2026,1
Product 1746,4/3/2026,1
Product 818,4/3/2026,4
Product 662,4/3/2026,1
Product 1747,4/3/2026,1
Product 1464,4/3/2026,2
Product 592,4/3/2026,1
Product 663,4/3/2026,2
Product 667,4/3/2026,1
Product 35,4/3/2026,3
Product 1218,4/3/2026,1
Product 1748,4/3/2026,1
Product 86,4/3/2026,1
Product 1749,4/3/2026,1
Product 1750,4/3/2026,1
Product 923,4/3/2026,1
Product 204,4/3/2026,1
Product 284,4/3/2026,1
Product 1414,4/3/2026,1
Product 1751,4/3/2026,1
Product 1752,4/3/2026,6
Product 1753,4/3/2026,1
Product 1754,4/3/2026,1
Product 79,4/3/2026,1
Product 1755,4/3/2026,1
Product 36,4/3/2026,1
Product 1756,4/3/2026,1
Product 1757,4/3/2026,1
Product 1758,4/3/2026,1
Product 940,4/3/2026,1
Product 962,4/3/2026,1
Product 667,4/3/2026,1
Product 117,4/3/2026,1
Product 93,4/3/2026,1
Product 1717,4/3/2026,1
Product 115,4/3/2026,1
Product 1759,4/3/2026,1
Product 1760,4/3/2026,1
Product 1142,4/3/2026,1
Product 1761,4/3/2026,1
Product 116,4/3/2026,2
Product 1762,4/3/2026,1
Product 379,4/3/2026,1
Product 1519,4/3/2026,1
Product 1209,4/3/2026,1
Product 624,4/3/2026,1
Product 769,4/3/2026,1
Product 29,4/3/2026,1
Product 179,4/3/2026,1
Product 1763,4/3/2026,1
Product 1764,4/3/2026,1
Product 1079,4/3/2026,1
Product 1765,4/3/2026,1
Product 1766,4/3/2026,2
Product 124,4/3/2026,2
Product 1767,4/3/2026,2
Product 618,4/3/2026,1
Product 1768,4/3/2026,1
Product 1769,4/3/2026,2
Product 1770,4/3/2026,1
Product 1771,4/3/2026,1
Product 36,4/3/2026,1
Product 168,4/3/2026,1
Product 1772,4/3/2026,2
Product 375,4/3/2026,1
Product 1773,4/3/2026,1
Product 1774,4/3/2026,2
Product 407,4/3/2026,2
Product 1092,4/3/2026,1
Product 1775,4/3/2026,1
Product 1149,4/3/2026,1
Product 1532,4/3/2026,1
Product 376,4/3/2026,1
Product 1529,4/3/2026,1
Product 1776,4/3/2026,1
Product 1129,4/3/2026,1
Product 1777,4/3/2026,1
Product 592,4/3/2026,1
Product 417,4/3/2026,1
Product 1778,4/3/2026,1
Product 1779,4/3/2026,1
Product 418,4/3/2026,1
Product 1780,4/3/2026,1
Product 664,4/3/2026,1
Product 1529,4/3/2026,1
Product 818,4/3/2026,4
Product 384,4/3/2026,1
Product 375,4/3/2026,1
Product 1242,4/3/2026,1
Product 1781,4/3/2026,1
Product 1681,4/3/2026,1
Product 1782,4/3/2026,1
Product 1783,4/3/2026,2
Product 1135,4/3/2026,1
Product 1122,4/3/2026,1
Product 1723,4/3/2026,1
Product 593,4/3/2026,1
Product 976,4/3/2026,1
Product 1784,4/3/2026,1
Product 315,4/3/2026,1
Product 1693,4/3/2026,1
Product 377,4/3/2026,1
Product 667,4/3/2026,1
Product 1785,4/3/2026,1
Product 1786,4/3/2026,1
Product 1787,4/3/2026,1
Product 1788,4/3/2026,1
Product 1789,4/3/2026,1
Product 1790,4/3/2026,1
Product 1219,4/3/2026,1
Product 157,4/3/2026,1
Product 1791,4/3/2026,1
Product 1792,4/3/2026,1
Product 1793,4/3/2026,1
Product 1794,4/3/2026,1
Product 1795,4/3/2026,2
Product 111,4/3/2026,1
Product 1517,4/3/2026,1
Product 1796,4/3/2026,1
Product 1797,4/3/2026,1
Product 1798,4/3/2026,1
Product 93,4/3/2026,1
Product 1799,4/3/2026,1
Product 1205,4/3/2026,1
Product 750,4/3/2026,1
Product 35,4/3/2026,1
Product 1225,4/3/2026,1
Product 13,4/3/2026,1
Product 1800,4/3/2026,1
Product 876,4/3/2026,2
Product 1801,4/3/2026,1
Product 1802,4/3/2026,1
Product 1803,4/3/2026,1
Product 1604,4/3/2026,1
Product 1804,4/3/2026,1
Product 1805,4/3/2026,3
Product 1806,4/3/2026,2
Product 687,4/3/2026,1
Product 36,4/3/2026,1
Product 1807,4/3/2026,1
Product 1808,4/3/2026,1
Product 1809,4/3/2026,1
Product 1810,4/3/2026,1
Product 379,4/3/2026,1
Product 1811,4/3/2026,2
Product 1812,4/3/2026,1
Product 379,4/3/2026,1
Product 1813,4/3/2026,2
Product 1814,4/3/2026,1
Product 1815,4/3/2026,1
Product 1816,4/3/2026,1
Product 1817,4/3/2026,1
Product 194,4/3/2026,1
Product 1818,4/3/2026,1
Product 1819,4/3/2026,1
Product 423,4/3/2026,1
Product 1820,4/3/2026,1
Product 1821,4/3/2026,2
Product 1822,4/3/2026,1
Product 474,4/3/2026,1
Product 476,4/3/2026,1
Product 1823,4/3/2026,1
Product 1709,4/3/2026,1
Product 1824,4/3/2026,1
Product 1825,4/3/2026,1
Product 1826,4/3/2026,1
Product 1827,4/3/2026,1
Product 710,4/3/2026,1
Product 1828,4/3/2026,1
Product 1829,4/3/2026,1
Product 1830,4/3/2026,1
Product 889,4/3/2026,1
Product 889,4/3/2026,1
Product 1831,4/3/2026,1
Product 86,4/3/2026,1
Product 1832,4/3/2026,1
Product 1293,4/3/2026,1
Product 29,4/3/2026,1
Product 1833,4/3/2026,1
Product 1357,4/3/2026,1
Product 1834,4/3/2026,1
Product 1275,4/3/2026,1
Product 470,4/3/2026,1
Product 1835,4/3/2026,1
Product 1061,4/3/2026,1
Product 1836,4/3/2026,1
Product 1837,4/3/2026,1
Product 1314,4/3/2026,1
Product 1311,4/3/2026,1
Product 1317,4/3/2026,1
Product 1317,4/3/2026,1
Product 1838,4/3/2026,2
Product 1839,4/3/2026,1
Product 729,4/3/2026,2
Product 265,4/3/2026,1
Product 1840,4/3/2026,1
Product 1841,4/3/2026,1
Product 599,4/3/2026,2
Product 1245,4/3/2026,1
Product 739,4/3/2026,1
Product 1842,4/3/2026,1
Product 660,4/3/2026,1
Product 1843,4/3/2026,2
Product 1844,4/3/2026,20
Product 1845,4/3/2026,1
Product 1846,4/3/2026,1
Product 1847,4/3/2026,1
Product 1848,4/3/2026,2
Product 119,4/3/2026,2
Product 1037,4/3/2026,1
Product 119,4/3/2026,1
Product 1849,4/3/2026,1
Product 119,4/3/2026,1
Product 30,4/3/2026,1
Product 797,4/3/2026,2
Product 1850,4/3/2026,1
Product 1368,4/3/2026,1
Product 1851,4/3/2026,1
Product 1852,4/3/2026,1
Product 1691,4/3/2026,1
Product 55,4/3/2026,1
Product 1030,4/3/2026,2
Product 717,4/3/2026,1
Product 1853,4/3/2026,1
Product 112,4/3/2026,1
Product 561,4/3/2026,1
Product 1854,4/3/2026,1
Product 1313,4/3/2026,1
Product 1372,4/3/2026,1
Product 1855,4/2/2026,1
Product 569,4/2/2026,1
Product 86,4/2/2026,1
Product 1856,4/2/2026,1
Product 1857,4/2/2026,1
Product 1858,4/2/2026,1
Product 903,4/2/2026,1
Product 1859,4/2/2026,1
Product 1860,4/2/2026,1
Product 1861,4/2/2026,1
Product 1026,4/2/2026,2
Product 281,4/2/2026,1
Product 1862,4/2/2026,1
Product 290,4/2/2026,1
Product 297,4/2/2026,1
Product 948,4/2/2026,1
Product 1678,4/2/2026,1
Product 1863,4/2/2026,1
Product 1864,4/2/2026,2
Product 23,4/2/2026,1
Product 294,4/2/2026,1
Product 1865,4/2/2026,1
Product 547,4/2/2026,1
Product 24,4/2/2026,1
Product 24,4/2/2026,1
Product 297,4/2/2026,1
Product 554,4/2/2026,1
Product 1866,4/2/2026,1
Product 1867,4/2/2026,1
Product 1868,4/2/2026,1
Product 706,4/2/2026,2
Product 1869,4/2/2026,1
Product 379,4/2/2026,2
Product 957,4/2/2026,1
Product 277,4/2/2026,1
Product 1870,4/2/2026,1
Product 557,4/2/2026,3
Product 1871,4/2/2026,1
Product 1385,4/2/2026,1
Product 563,4/2/2026,1
Product 1872,4/2/2026,1
Product 327,4/2/2026,2
Product 584,4/2/2026,1
Product 1873,4/2/2026,1
Product 1874,4/2/2026,1
Product 1833,4/2/2026,1
Product 325,4/2/2026,2
Product 1875,4/2/2026,1
Product 1876,4/2/2026,1
Product 1877,4/2/2026,1
Product 1522,4/2/2026,1
Product 1878,4/2/2026,1
Product 1879,4/2/2026,1
Product 972,4/2/2026,1
Product 1132,4/2/2026,1
Product 594,4/2/2026,1
Product 327,4/2/2026,1
Product 1880,4/2/2026,1
Product 761,4/2/2026,1
Product 58,4/2/2026,1
Product 1881,4/2/2026,1
Product 678,4/2/2026,1
Product 1136,4/2/2026,1
Product 1882,4/2/2026,1
Product 1883,4/2/2026,4
Product 1884,4/2/2026,1
Product 1885,4/2/2026,2
Product 17,4/2/2026,1
Product 1886,4/2/2026,1
Product 1396,4/2/2026,1
Product 1887,4/2/2026,1
Product 1477,4/2/2026,2
Product 379,4/2/2026,1
Product 1685,4/2/2026,1
Product 1888,4/2/2026,1
Product 364,4/2/2026,1
Product 1889,4/2/2026,2
Product 1890,4/2/2026,1
Product 1891,4/2/2026,1
Product 1449,4/2/2026,1
Product 1892,4/2/2026,1
Product 29,4/2/2026,2
Product 1893,4/2/2026,1
Product 1894,4/2/2026,1
Product 1895,4/2/2026,1
Product 1896,4/2/2026,1
Product 1897,4/2/2026,1
Product 1021,4/2/2026,1
Product 603,4/2/2026,1
Product 606,4/2/2026,1
Product 1898,4/2/2026,1
Product 1789,4/2/2026,1
Product 1137,4/2/2026,1
Product 1899,4/2/2026,1
Product 1017,4/2/2026,2
Product 1900,4/2/2026,1
Product 1901,4/2/2026,1
Product 1902,4/2/2026,1
Product 157,4/2/2026,2
Product 1903,4/2/2026,4
Product 1345,4/2/2026,1
Product 371,4/2/2026,1
Product 1904,4/2/2026,1
Product 1905,4/2/2026,1
Product 1906,4/2/2026,1
Product 1103,4/2/2026,1
Product 812,4/2/2026,2
Product 1907,4/2/2026,1
Product 1125,4/2/2026,2
Product 144,4/2/2026,1
Product 1908,4/2/2026,1
Product 1888,4/2/2026,1
Product 1909,4/2/2026,1
Product 1550,4/2/2026,1
Product 1910,4/2/2026,1
Product 1911,4/2/2026,1
Product 1912,4/2/2026,1
Product 1913,4/2/2026,2
Product 1278,4/2/2026,1
Product 1280,4/2/2026,1
Product 1914,4/2/2026,1
Product 937,4/2/2026,1
Product 1915,4/2/2026,4
Product 818,4/2/2026,1
Product 410,4/2/2026,1
Product 1697,4/2/2026,1
Product 1916,4/2/2026,1
Product 1917,4/2/2026,1
Product 1918,4/2/2026,1
Product 668,4/2/2026,1
Product 438,4/2/2026,1
Product 1919,4/2/2026,1
Product 1920,4/2/2026,1
Product 1522,4/2/2026,1
Product 150,4/2/2026,1
Product 1921,4/2/2026,1
Product 974,4/2/2026,2
Product 375,4/2/2026,1
Product 818,4/2/2026,1
Product 1922,4/2/2026,2
Product 416,4/2/2026,1
Product 1923,4/2/2026,1
Product 1577,4/2/2026,3
Product 168,4/2/2026,1
Product 204,4/2/2026,1
Product 1924,4/2/2026,1
Product 1925,4/2/2026,1
Product 1465,4/2/2026,1
Product 667,4/2/2026,1
Product 1926,4/2/2026,1
Product 190,4/2/2026,1
Product 539,4/2/2026,1
Product 378,4/2/2026,2
Product 1151,4/2/2026,1
Product 1057,4/2/2026,1
Product 1927,4/2/2026,1
Product 1057,4/2/2026,1
Product 1928,4/2/2026,1
Product 1929,4/2/2026,1
Product 1930,4/2/2026,1
Product 86,4/2/2026,1
Product 1081,4/2/2026,1
Product 1680,4/2/2026,1
Product 1931,4/2/2026,1
Product 1932,4/2/2026,1
Product 239,4/2/2026,1
Product 1715,4/2/2026,1
Product 1933,4/2/2026,1
Product 1934,4/2/2026,1
Product 970,4/2/2026,1
Product 1935,4/2/2026,1
Product 278,4/2/2026,1
Product 675,4/2/2026,1
Product 1936,4/2/2026,1
Product 1598,4/2/2026,1
Product 536,4/2/2026,1
Product 304,4/2/2026,2
Product 848,4/2/2026,1
Product 35,4/2/2026,2
Product 1868,4/2/2026,1
Product 1937,4/2/2026,1
Product 447,4/2/2026,1
Product 728,4/2/2026,2
Product 1710,4/2/2026,1
Product 35,4/2/2026,1
Product 35,4/2/2026,1
Product 1938,4/2/2026,2
Product 1939,4/2/2026,1
Product 1221,4/2/2026,5
Product 1940,4/2/2026,2
Product 1941,4/2/2026,1
Product 1942,4/2/2026,1
Product 148,4/2/2026,1
Product 1943,4/2/2026,1
Product 1944,4/2/2026,1
Product 1694,4/2/2026,1
Product 1945,4/2/2026,1
Product 36,4/2/2026,2
Product 1946,4/2/2026,1
Product 1592,4/2/2026,1
Product 55,4/2/2026,1
Product 1947,4/2/2026,1
Product 1948,4/2/2026,1
Product 1949,4/2/2026,1
Product 1950,4/2/2026,2
Product 660,4/2/2026,1
Product 1951,4/2/2026,2
Product 1952,4/2/2026,-2
Product 1953,4/2/2026,1
Product 86,4/2/2026,1
Product 967,4/2/2026,1
Product 1954,4/2/2026,1
Product 1955,4/2/2026,1
Product 157,4/2/2026,1
Product 36,4/2/2026,1
Product 1663,4/2/2026,1
Product 1956,4/2/2026,1
Product 1914,4/2/2026,1
Product 267,4/2/2026,1
Product 13,4/2/2026,1
Product 1957,4/2/2026,1
Product 612,4/2/2026,1
Product 698,4/2/2026,2
Product 1958,4/2/2026,1
Product 168,4/2/2026,1
Product 759,4/2/2026,2
Product 487,4/2/2026,1
Product 1959,4/2/2026,1
Product 1960,4/2/2026,1
Product 1301,4/2/2026,1
Product 1644,4/2/2026,1
Product 1646,4/2/2026,1
Product 926,4/2/2026,1
Product 1961,4/2/2026,1
Product 380,4/2/2026,1
Product 1962,4/2/2026,1
Product 917,4/2/2026,1
Product 248,4/2/2026,1
Product 1301,4/2/2026,2
Product 1523,4/2/2026,1
Product 1963,4/2/2026,1
Product 514,4/2/2026,1
Product 1661,4/2/2026,1
Product 1964,4/2/2026,1
Product 1965,4/2/2026,1
Product 1966,4/2/2026,1
Product 1653,4/2/2026,1
Product 159,4/2/2026,1
Product 159,4/2/2026,1
Product 517,4/2/2026,1
Product 1658,4/2/2026,1
Product 463,4/2/2026,1
Product 1633,4/2/2026,1
Product 530,4/2/2026,1
Product 1967,4/2/2026,1
Product 1968,4/2/2026,2
Product 1969,4/2/2026,1
Product 909,4/2/2026,1
Product 1678,4/2/2026,2
Product 1650,4/2/2026,1
Product 265,4/2/2026,1
Product 401,4/2/2026,1
Product 1970,4/2/2026,1
Product 1971,4/2/2026,1
Product 1972,4/2/2026,1
Product 160,4/2/2026,1
Product 1592,4/2/2026,1
Product 71,4/2/2026,3
Product 71,4/2/2026,1
Product 1768,4/2/2026,1
Product 539,4/2/2026,1
Product 1973,4/2/2026,1
Product 1974,4/2/2026,1
Product 1975,4/2/2026,1
Product 1976,4/2/2026,1
Product 1977,4/2/2026,1
Product 539,4/2/2026,1
Product 1978,4/2/2026,1
Product 1688,4/2/2026,1
Product 1979,4/2/2026,1
Product 317,4/2/2026,1
Product 863,4/2/2026,1
Product 1980,4/1/2026,1
Product 2,4/1/2026,1
Product 293,4/1/2026,1
Product 953,4/1/2026,1
Product 1981,4/1/2026,1
Product 1981,4/1/2026,1
Product 23,4/1/2026,0
Product 758,4/1/2026,1
Product 758,4/1/2026,3
Product 24,4/1/2026,2
Product 24,4/1/2026,2
Product 1982,4/1/2026,1
Product 35,4/1/2026,2
Product 1983,4/1/2026,1
Product 1075,4/1/2026,1
Product 1984,4/1/2026,1
Product 1985,4/1/2026,1
Product 1986,4/1/2026,1
Product 1987,4/1/2026,2
Product 1988,4/1/2026,1
Product 301,4/1/2026,1
Product 321,4/1/2026,1
Product 1989,4/1/2026,1
Product 1394,4/1/2026,2
Product 1990,4/1/2026,1
Product 1991,4/1/2026,1
Product 46,4/1/2026,1
Product 1992,4/1/2026,1
Product 1993,4/1/2026,1
Product 35,4/1/2026,1
Product 860,4/1/2026,1
Product 48,4/1/2026,1
Product 1994,4/1/2026,1
Product 1995,4/1/2026,1
Product 1996,4/1/2026,1
Product 35,4/1/2026,1
Product 1997,4/1/2026,1
Product 1998,4/1/2026,3
Product 211,4/1/2026,3
Product 1999,4/1/2026,1
Product 86,4/1/2026,1
Product 380,4/1/2026,1
Product 429,4/1/2026,1
Product 2000,4/1/2026,1
Product 2001,4/1/2026,1
Product 61,4/1/2026,1
Product 2002,4/1/2026,1
Product 2003,4/1/2026,1
Product 1890,4/1/2026,1
Product 2004,4/1/2026,1
Product 2005,4/1/2026,1
Product 1437,4/1/2026,1
Product 330,4/1/2026,1
Product 1961,4/1/2026,2
Product 1720,4/1/2026,1
Product 93,4/1/2026,2
Product 1849,4/1/2026,1
Product 325,4/1/2026,5
Product 2006,4/1/2026,2
Product 327,4/1/2026,0
Product 64,4/1/2026,2
Product 2007,4/1/2026,1
Product 2008,4/1/2026,1
Product 2009,4/1/2026,1
Product 2010,4/1/2026,1
Product 1371,4/1/2026,1
Product 1429,4/1/2026,1
Product 94,4/1/2026,2
Product 157,4/1/2026,1
Product 1978,4/1/2026,1
Product 2011,4/1/2026,1
Product 770,4/1/2026,1
Product 2012,4/1/2026,1
Product 2013,4/1/2026,1
Product 2014,4/1/2026,1
Product 2015,4/1/2026,3
Product 2016,4/1/2026,1
Product 2017,4/1/2026,1
Product 193,4/1/2026,1
Product 29,4/1/2026,1
Product 1654,4/1/2026,1
Product 2018,4/1/2026,1
Product 2019,4/1/2026,1
Product 1895,4/1/2026,1
Product 151,4/1/2026,1
Product 870,4/1/2026,1
Product 2020,4/1/2026,1
Product 2021,4/1/2026,1
Product 2022,4/1/2026,2
Product 233,4/1/2026,1
Product 2023,4/1/2026,1
Product 333,4/1/2026,2
Product 36,4/1/2026,1
Product 92,4/1/2026,1
Product 2024,4/1/2026,1
Product 2025,4/1/2026,1
Product 404,4/1/2026,1
Product 2026,4/1/2026,1
Product 1029,4/1/2026,1
Product 766,4/1/2026,2
Product 766,4/1/2026,2
Product 2027,4/1/2026,1
Product 29,4/1/2026,1
Product 1146,4/1/2026,1
Product 1638,4/1/2026,2
Product 2028,4/1/2026,1
Product 768,4/1/2026,1
Product 2029,4/1/2026,2
Product 687,4/1/2026,1
Product 194,4/1/2026,1
Product 2030,4/1/2026,1
Product 2031,4/1/2026,1
Product 2032,4/1/2026,1
Product 801,4/1/2026,1
Product 93,4/1/2026,2
Product 1890,4/1/2026,1
Product 863,4/1/2026,1
Product 615,4/1/2026,1
Product 1473,4/1/2026,1
Product 2033,4/1/2026,1
Product 2034,4/1/2026,1
Product 2035,4/1/2026,1
Product 2036,4/1/2026,1
Product 2037,4/1/2026,1
Product 1225,4/1/2026,1
Product 2038,4/1/2026,1
Product 1519,4/1/2026,1
Product 1209,4/1/2026,1
Product 2039,4/1/2026,1
Product 2040,4/1/2026,1
Product 2041,4/1/2026,1
Product 1522,4/1/2026,1
Product 2042,4/1/2026,1
Product 2043,4/1/2026,1
Product 2044,4/1/2026,2
Product 2045,4/1/2026,2
Product 93,4/1/2026,1
Product 2046,4/1/2026,1
Product 2047,4/1/2026,1
Product 2048,4/1/2026,1
Product 2049,4/1/2026,1
Product 1789,4/1/2026,1
Product 2050,4/1/2026,1
Product 1480,4/1/2026,1
Product 2051,4/1/2026,1
Product 86,4/1/2026,1
Product 2052,4/1/2026,1
Product 2053,4/1/2026,1
Product 407,4/1/2026,1
Product 1997,4/1/2026,1
Product 2054,4/1/2026,1
Product 1521,4/1/2026,1
Product 1659,4/1/2026,1
Product 2055,4/1/2026,1
Product 363,4/1/2026,2
Product 39,4/1/2026,1
Product 2056,4/1/2026,2
Product 1522,4/1/2026,1
Product 2057,4/1/2026,1
Product 2058,4/1/2026,1
Product 1505,4/1/2026,1
Product 417,4/1/2026,1
Product 1122,4/1/2026,1
Product 661,4/1/2026,1
Product 2059,4/1/2026,2
Product 1539,4/1/2026,1
Product 1152,4/1/2026,1
Product 2060,4/1/2026,1
Product 1777,4/1/2026,1
Product 418,4/1/2026,1
Product 2061,4/1/2026,1
Product 2062,4/1/2026,1
Product 2063,4/1/2026,1
Product 2064,4/1/2026,1
Product 1927,4/1/2026,1
Product 168,4/1/2026,1
Product 2028,4/1/2026,1
Product 2065,4/1/2026,1
Product 561,4/1/2026,1
Product 2066,4/1/2026,1
Product 2067,4/1/2026,1
Product 436,4/1/2026,1
Product 35,4/1/2026,1
Product 2068,4/1/2026,1
Product 2069,4/1/2026,1
Product 379,4/1/2026,1
Product 2070,4/1/2026,1
Product 729,4/1/2026,1
Product 2071,4/1/2026,1
Product 2072,4/1/2026,1
Product 568,4/1/2026,1
Product 749,4/1/2026,1
Product 1168,4/1/2026,1
Product 2073,4/1/2026,2
Product 2074,4/1/2026,1
Product 677,4/1/2026,1
Product 2075,4/1/2026,2
Product 2076,4/1/2026,1
Product 853,4/1/2026,1
Product 441,4/1/2026,1
Product 2077,4/1/2026,1
Product 681,4/1/2026,2
Product 665,4/1/2026,1
Product 409,4/1/2026,1
Product 93,4/1/2026,1
Product 1347,4/1/2026,1
Product 1817,4/1/2026,1
Product 2078,4/1/2026,1
Product 1364,4/1/2026,1
Product 93,4/1/2026,1
Product 2079,4/1/2026,3
Product 2080,4/1/2026,20
Product 1328,4/1/2026,1
Product 1675,4/1/2026,1
Product 2081,4/1/2026,1
Product 2082,4/1/2026,3
Product 2083,4/1/2026,1
Product 1887,4/1/2026,2
Product 688,4/1/2026,1
Product 1608,4/1/2026,2
Product 2084,4/1/2026,1
Product 2085,4/1/2026,1
Product 2086,4/1/2026,1
Product 2087,4/1/2026,3
Product 1605,4/1/2026,2
Product 1615,4/1/2026,1
Product 443,4/1/2026,-1
Product 2088,4/1/2026,1
Product 210,4/1/2026,1
Product 2089,4/1/2026,1
Product 1619,4/1/2026,2
Product 1477,4/1/2026,1
Product 2090,4/1/2026,1
Product 2091,4/1/2026,1
Product 1952,4/1/2026,2
Product 2092,4/1/2026,1
Product 2093,4/1/2026,1
Product 1874,4/1/2026,3
Product 2094,4/1/2026,2
Product 2095,4/1/2026,1
Product 2096,4/1/2026,1
Product 1823,4/1/2026,1
Product 2097,4/1/2026,1
Product 2098,4/1/2026,1
Product 2099,4/1/2026,1
Product 2100,4/1/2026,1
Product 2101,4/1/2026,1
Product 620,4/1/2026,1
Product 2102,4/1/2026,1
Product 36,4/1/2026,1
Product 2103,4/1/2026,1
Product 2104,4/1/2026,1
Product 157,4/1/2026,1
Product 498,4/1/2026,1
Product 2105,4/1/2026,1
Product 170,4/1/2026,1
Product 1361,4/1/2026,1
Product 30,4/1/2026,1
Product 379,4/1/2026,1
Product 2106,4/1/2026,1
Product 2107,4/1/2026,2
Product 2108,4/1/2026,3
Product 2109,4/1/2026,1
Product 2110,4/1/2026,1
Product 2111,4/1/2026,1
Product 2112,4/1/2026,1
Product 1962,4/1/2026,1
Product 1978,4/1/2026,1
Product 1921,4/1/2026,1
Product 1581,4/1/2026,1
Product 2113,4/1/2026,1
Product 2114,4/1/2026,1
Product 2115,4/1/2026,1
Product 2116,4/1/2026,1
Product 1028,4/1/2026,1
Product 1599,4/1/2026,1
Product 2117,4/1/2026,2
Product 2118,4/1/2026,1
Product 920,4/1/2026,1
Product 2119,4/1/2026,2
Product 2120,4/1/2026,1
Product 2121,4/1/2026,1
Product 2122,4/1/2026,5
Product 2123,4/1/2026,1
Product 2124,4/1/2026,1
Product 918,4/1/2026,1
Product 2125,4/1/2026,1
Product 250,4/1/2026,1
Product 159,4/1/2026,1
Product 251,4/1/2026,1
Product 920,4/1/2026,1
Product 2070,4/1/2026,1
Product 763,4/1/2026,1
Product 949,4/1/2026,1
Product 514,4/1/2026,2
Product 527,4/1/2026,1
Product 579,4/1/2026,1
Product 2126,4/1/2026,1
Product 2127,4/1/2026,4
Product 463,4/1/2026,1
Product 924,4/1/2026,1
Product 728,4/1/2026,1
Product 159,4/1/2026,1
Product 2128,4/1/2026,3
Product 1317,4/1/2026,1
Product 109,4/1/2026,1
Product 2129,4/1/2026,1
Product 1659,4/1/2026,2
Product 1660,4/1/2026,4
Product 1661,4/1/2026,2
Product 2130,4/1/2026,1
Product 679,4/1/2026,1
Product 2131,4/1/2026,1
Product 2132,4/1/2026,2
Product 936,4/1/2026,1
Product 735,4/1/2026,1
Product 2133,4/1/2026,1
Product 1046,4/1/2026,1
Product 738,4/1/2026,1
Product 273,4/1/2026,2
Product 2134,4/1/2026,1
Product 2135,4/1/2026,1
Product 2136,4/1/2026,1
Product 2137,4/1/2026,1
Product 2138,4/1/2026,1
Product 160,4/1/2026,1
Product 2139,4/1/2026,1
Product 313,4/1/2026,1
Product 2140,4/1/2026,1
Product 2141,4/1/2026,1
Product 2142,4/1/2026,1
Product 1056,4/1/2026,1
Product 2143,4/1/2026,1
Product 1513,4/1/2026,1
Product 2144,4/1/2026,1
Product 2145,4/1/2026,1
Product 2146,4/1/2026,1
Product 1392,4/1/2026,1
Product 2147,4/1/2026,1
Product 332,4/1/2026,1
Product 2148,4/1/2026,1
Product 694,4/1/2026,1
Product 860,4/1/2026,1
Product 2149,4/1/2026,1
Product 872,4/1/2026,1
Product 2150,4/1/2026,6
